-- phpMyAdmin SQL Dump
-- version 5.2.1
-- https://www.phpmyadmin.net/
--
-- Servidor: 127.0.0.1
-- Tiempo de generación: 23-05-2025 a las 18:25:41
-- Versión del servidor: 10.4.32-MariaDB
-- Versión de PHP: 8.2.12

SET SQL_MODE = "NO_AUTO_VALUE_ON_ZERO";
START TRANSACTION;
SET time_zone = "+00:00";


/*!40101 SET @OLD_CHARACTER_SET_CLIENT=@@CHARACTER_SET_CLIENT */;
/*!40101 SET @OLD_CHARACTER_SET_RESULTS=@@CHARACTER_SET_RESULTS */;
/*!40101 SET @OLD_COLLATION_CONNECTION=@@COLLATION_CONNECTION */;
/*!40101 SET NAMES utf8mb4 */;

--
-- Base de datos: `odbcukumari`
--

-- --------------------------------------------------------

--
-- Estructura de tabla para la tabla `talimento`
--

CREATE TABLE `talimento` (
  `id_alimento` int(11) NOT NULL,
  `nom_alimento` varchar(30) DEFAULT NULL,
  `tipo` varchar(50) DEFAULT NULL,
  `descripcion` varchar(300) DEFAULT NULL
) ENGINE=InnoDB DEFAULT CHARSET=utf8mb4 COLLATE=utf8mb4_general_ci;

--
-- Volcado de datos para la tabla `talimento`
--

INSERT INTO `talimento` (`id_alimento`, `nom_alimento`, `tipo`, `descripcion`) VALUES
(1, 'Carne de res', 'Proteína animal', 'Carne de res: Fuente rica en proteínas y hierro, ideal para fortalecer músculos y prevenir la anemia.'),
(2, 'Pollo fresco', 'Proteína animal', 'Pollo fresco: Carne magra y versátil, baja en grasa y alta en proteínas, adecuada para diversas preparaciones.'),
(3, 'Pescado entero', 'Proteína animal', 'Pescado entero: Rico en ácidos grasos omega-3, beneficioso para la salud cardiovascular y cerebral.'),
(4, 'Hígado de res', 'Proteína animal', 'Hígado de res: Alto contenido de vitamina A y hierro, excelente para mejorar la salud ocular y sanguínea.'),
(5, 'Huevos de codorniz', 'Proteína animal', 'Huevos de codorniz: Pequeños pero nutritivos, contienen proteínas de alta calidad y vitaminas esenciales.'),
(6, 'Conejo entero', 'Proteína animal', 'Conejo entero: Carne blanca, baja en grasa y colesterol, rica en proteínas y vitaminas del grupo B.'),
(7, 'Ratones prematuros', 'Proteína animal', 'Ratones prematuros: Utilizados comúnmente como alimento para reptiles y aves rapaces en cautiverio.'),
(8, 'Carne de cabra', 'Proteína animal', 'Carne de cabra: Fuente de proteínas magras, con bajo contenido de grasa y colesterol.'),
(9, 'Sardinas frescas', 'Proteína animal', 'Sardinas frescas: Pescado azul rico en omega-3, calcio y vitamina D, beneficioso para huesos y corazón.'),
(10, 'Pechuga de pavo', 'Proteína animal', 'Pechuga de pavo: Carne magra, baja en grasa y calorías, ideal para dietas saludables.'),
(11, 'Hígado de pollo', 'Proteína animal', 'Hígado de pollo: Rico en hierro y vitamina A, útil para prevenir deficiencias nutricionales.'),
(12, 'Corazón de res', 'Proteína animal', 'Corazón de res: Fuente de proteínas y coenzima Q10, beneficiosa para la salud cardiovascular.'),
(13, 'Huevos de gallina', 'Proteína animal', 'Huevos de gallina: Alimento completo, rico en proteínas, vitaminas y minerales esenciales.'),
(14, 'Carne de búfalo', 'Proteína animal', 'Carne de búfalo: Carne roja magra, con menos grasa y colesterol que la carne de res convencional.'),
(15, 'Trucha arcoíris', 'Proteína animal', 'Trucha arcoíris: Pescado de agua dulce, rico en omega-3 y proteínas de alta calidad.'),
(16, 'Cangrejos de río', 'Proteína animal', 'Cangrejos de río: Marisco bajo en grasa, fuente de proteínas y minerales como zinc y fósforo.'),
(17, 'Carne de venado', 'Proteína animal', 'Carne de venado: Carne silvestre magra, rica en proteínas y baja en grasa.'),
(18, 'Pescado fileteado', 'Proteína animal', 'Pescado fileteado: Filetes de pescado sin espinas, fáciles de cocinar y ricos en nutrientes.'),
(19, 'Huevos de pato', 'Proteína animal', 'Huevos de pato: Más grandes que los de gallina, con mayor contenido de grasa y proteínas.'),
(20, 'Carne de cerdo', 'Proteína animal', 'Carne de cerdo: Versátil y sabrosa, fuente de proteínas, vitaminas B y minerales esenciales.'),
(21, 'Plátano maduro', 'Fruta', 'Plátano maduro: Fruta dulce y energética, rica en potasio y fibra dietética.'),
(22, 'Banano', 'Fruta', 'Banano: Fruta tropical, fuente de energía rápida, rica en potasio y vitaminas.'),
(23, 'Manzana', 'Fruta', 'Manzana: Fruta crujiente y jugosa, rica en fibra y antioxidantes.'),
(24, 'Pera', 'Fruta', 'Pera: Fruta suave y dulce, buena fuente de fibra y vitamina C.'),
(25, 'Sandía', 'Fruta', 'Sandía: Fruta refrescante, alta en agua y antioxidantes como el licopeno.'),
(26, 'Melón', 'Fruta', 'Melón: Fruta jugosa y dulce, rica en vitamina C y agua.'),
(27, 'Papaya', 'Fruta', 'Papaya: Fruta tropical, rica en vitamina C, A y enzimas digestivas.'),
(28, 'Mango', 'Fruta', 'Mango: Fruta dulce y jugosa, rica en vitaminas A y C, y antioxidantes.'),
(29, 'Piña', 'Fruta', 'Piña: Fruta tropical ácida, rica en vitamina C y bromelina, una enzima digestiva.'),
(30, 'Uvas', 'Fruta', 'Uvas: Fruta pequeña y dulce, rica en antioxidantes y vitamina K.'),
(31, 'Fresas', 'Fruta', 'Fresas: Frutas rojas y jugosas, ricas en vitamina C y antioxidantes.'),
(32, 'Durazno', 'Fruta', 'Durazno: Fruta suave y dulce, rica en vitamina C y fibra.'),
(33, 'Naranja', 'Fruta', 'Naranja: Cítrico jugoso, excelente fuente de vitamina C y antioxidantes.'),
(34, 'Mandarina', 'Fruta', 'Mandarina: Cítrico dulce y fácil de pelar, rico en vitamina C y fibra.'),
(35, 'Guayaba', 'Fruta', 'Guayaba: Fruta tropical, muy rica en vitamina C y fibra dietética.'),
(36, 'Maracuyá', 'Fruta', 'Maracuyá: Fruta tropical ácida, rica en vitamina C, fibra y antioxidantes.'),
(37, 'Lulo', 'Fruta', 'Lulo: Fruta andina ácida, rica en vitamina C y antioxidantes.'),
(38, 'Granadilla', 'Fruta', 'Granadilla: Fruta dulce y gelatinosa, rica en fibra y vitamina C.'),
(39, 'Mora', 'Fruta', 'Mora: Fruta silvestre, rica en antioxidantes, vitamina C y fibra.'),
(40, 'Zanahoria', 'Fruta', 'Zanahoria: Raíz comestible, rica en beta-caroteno, fibra y antioxidantes.'),
(41, 'Lechuga romana', 'Vegetal', 'Lechuga romana: Verdura de hoja verde, baja en calorías y rica en fibra y vitaminas.'),
(42, 'Espinaca', 'Vegetal', 'Espinaca: Verdura de hoja verde oscuro, rica en hierro, calcio y vitaminas A y C.'),
(43, 'Calabacín', 'Vegetal', 'Calabacín: Verdura suave y versátil, baja en calorías y rica en vitamina C.'),
(44, 'Pepino', 'Vegetal', 'Pepino: Verdura refrescante, alta en agua y baja en calorías.'),
(45, 'Brócoli', 'Vegetal', 'Brócoli: Verdura crucífera, rica en fibra, vitaminas C y K, y antioxidantes.'),
(46, 'Coliflor', 'Vegetal', 'Coliflor: Verdura crucífera, baja en calorías y rica en vitamina C y fibra.'),
(47, 'Repollo morado', 'Vegetal', 'Repollo morado: Verdura de hoja, rica en antioxidantes, vitamina C y fibra.'),
(48, 'Remolacha', 'Vegetal', 'Remolacha: Raíz dulce y terrosa, rica en folato, hierro y antioxidantes.'),
(49, 'Pimentón rojo', 'Vegetal', 'Pimentón rojo: Verdura dulce y crujiente, rica en vitamina C y antioxidantes.'),
(50, 'Pimentón verde', 'Vegetal', 'Pimentón verde: Verdura crujiente y ligeramente amarga, rica en vitamina C y fibra.'),
(51, 'Tomate', 'Vegetal', 'Tomate: Fruta utilizada como verdura, rica en licopeno, vitamina C y antioxidantes.'),
(52, 'Auyama', 'Vegetal', 'Auyama: Calabaza tropical rica en betacarotenos, vitamina A y fibra dietética.'),
(53, 'Ñame', 'Tubérculo', 'Ñame: Tubérculo almidonado y energético, fuente de potasio y fibra.'),
(54, 'Papa amarilla', 'Tubérculo', 'Papa amarilla: Variedad de papa con sabor suave, rica en carbohidratos y vitamina C.'),
(55, 'Yuca', 'Tubérculo', 'Yuca: Raíz rica en almidón, fuente de energía y libre de gluten.'),
(56, 'Batata', 'Tubérculo', 'Batata: Raíz dulce, rica en betacarotenos, fibra y antioxidantes.'),
(57, 'Maíz tierno', 'Vegetal', 'Maíz tierno: Grano joven y dulce, fuente de carbohidratos, fibra y antioxidantes.'),
(58, 'Habas frescas', 'Vegetal', 'Habas frescas: Legumbre rica en proteínas, fibra, hierro y ácido fólico.'),
(59, 'Arvejas verdes', 'Forraje', 'Arvejas verdes: Legumbres tiernas, fuente de proteínas vegetales, fibra y vitaminas.'),
(60, 'Alfalfa', 'Forraje', 'Alfalfa: Planta forrajera rica en proteínas, minerales y clorofila.'),
(61, 'Trébol', 'Forraje', 'Trébol: Forraje nutritivo para animales, aporta proteínas y mejora el suelo.'),
(62, 'Pasto fresco', 'Forraje', 'Pasto fresco: Alimento natural para herbívoros, rico en fibra y agua.'),
(63, 'Heno de avena', 'Forraje', 'Heno de avena: Pasto seco de avena, fuente de fibra y energía para animales.'),
(64, 'Heno de alfalfa', 'Forraje', 'Heno de alfalfa: Forraje seco rico en proteínas, calcio y fibra digestible.'),
(65, 'Pasto elefante', 'Forraje', 'Pasto elefante: Gramínea tropical de rápido crecimiento, usada como forraje.'),
(66, 'Pasto bermuda', 'Forraje', 'Pasto bermuda: Césped resistente y nutritivo para ganado y caballos.'),
(67, 'Flores de hibisco', 'Forraje', 'Flores de hibisco: Ricas en antioxidantes, con propiedades digestivas y diuréticas.'),
(68, 'Pétalos de rosa', 'Forraje', 'Pétalos de rosa: Comestibles, con antioxidantes y compuestos aromáticos naturales.'),
(69, 'Hojas de eucalipto', 'Forraje', 'Hojas de eucalipto: Usadas como forraje para koalas, con aceites esenciales antimicrobianos.'),
(70, 'Hojas de morera', 'Forraje', 'Hojas de morera: Alimentación base del gusano de seda, ricas en nutrientes.'),
(71, 'Hojas de guayaba', 'Forraje', 'Hojas de guayaba: Contienen antioxidantes y compuestos antimicrobianos.'),
(72, 'Hojas de plátano', 'Forraje', 'Hojas de plátano: Utilizadas para envolver alimentos, no comestibles directamente.'),
(73, 'Tallos de bambú', 'Forraje', 'Tallos de bambú: Brotes jóvenes comestibles, ricos en fibra y minerales.'),
(74, 'Raíces frescas', 'Forraje', 'Raíces frescas: Fuente de energía y minerales, incluyen diversas variedades comestibles.'),
(75, 'Corteza de árbol', 'Forraje', 'Corteza de árbol: Algunas especies comestibles en pequeñas cantidades, fuente de fibra.'),
(76, 'Semillas de girasol', 'Semilla', 'Semillas de girasol: Ricas en grasas saludables, vitamina E y proteínas.'),
(77, 'Semillas de calabaza', 'Semilla', 'Semillas de calabaza: Fuente de zinc, magnesio, ácidos grasos y antioxidantes.'),
(78, 'Maíz seco', 'Semilla', 'Maíz seco: Alimento básico rico en carbohidratos, usado en granos y harinas.'),
(79, 'Sorgo', 'Semilla', 'Sorgo: Cereal sin gluten, resistente a la sequía, rico en fibra y antioxidantes.'),
(80, 'Avena en hojuelas', 'Semilla', 'Avena en hojuelas: Cereal integral, excelente fuente de fibra soluble y energía.'),
(81, 'Salvado de trigo', 'Concentrado', 'Salvado de trigo: Cáscara del grano de trigo, rica en fibra y minerales.'),
(82, 'Pellets de alfalfa', 'Concentrado', 'Pellets de alfalfa: Alimento compacto para animales, fuente rica de proteína vegetal.'),
(83, 'Pellets de conejo', 'Concentrado', 'Pellets de conejo: Alimento balanceado, incluye fibra, vitaminas y minerales.'),
(84, 'Pellets de caballo', 'Concentrado', 'Pellets de caballo: Formulado para equinos, rico en energía y nutrientes esenciales.'),
(85, 'Concentrado para primates', 'Concentrado', 'Concentrado para primates: Mezcla balanceada con frutas, vegetales y proteínas vegetales.'),
(86, 'Concentrado para aves', 'Concentrado', 'Concentrado para aves: Combinación de granos, vitaminas y minerales para aves de corral.'),
(87, 'Concentrado para roedores', 'Concentrado', 'Concentrado para roedores: Alimento equilibrado con semillas, vegetales y proteínas.'),
(88, 'Concentrado para peces', 'Concentrado', 'Concentrado para peces: Comida flotante o hundible, rica en proteínas y omega-3.'),
(89, 'Gusanos de harina', 'Concentrado', 'Gusanos de harina: Fuente de proteína animal, usados en alimentación de aves y reptiles.'),
(90, 'Grillos vivos', 'Proteína animal (insectos)', 'Grillos vivos: Alimento vivo rico en proteínas, calcio y hierro para mascotas exóticas.'),
(91, 'Larvas de mosca', 'Proteína animal (insectos)', 'Larvas de mosca: Altamente nutritivas, usadas en alimentación animal y compostaje.'),
(92, 'Hormigas culonas', 'Proteína animal (insectos)', 'Hormigas culonas: Insecto comestible tradicional, rico en proteínas y antioxidantes.'),
(93, 'Termitas', 'Proteína animal (insectos)', 'Termitas: Fuente de proteína animal, consumidas en algunas culturas tradicionales.'),
(94, 'Caracoles terrestres', 'Proteína animal (insectos)', 'Caracoles terrestres: Rico en proteína, bajo en grasa, popular en gastronomía gourmet.'),
(95, 'Camarones secos', 'Proteína animal (moluscos)', 'Camarones secos: Fuente concentrada de proteínas, calcio y sabor umami.'),
(96, 'Algas espirulina', 'Proteína animal (marinos)', 'Algas espirulina: Microalga rica en proteínas, hierro, antioxidantes y clorofila.'),
(97, 'Mezcla de nueces', 'Alga', 'Mezcla de nueces: Combinación energética de grasas saludables, proteínas y minerales.'),
(98, 'Almendras', 'Fruta seca', 'Almendras: Frutos secos ricos en vitamina E, grasas saludables y fibra.'),
(99, 'Avellanas', 'Fruta seca', 'Avellanas: Fruto seco rico en vitamina E, antioxidantes y grasas monoinsaturadas.'),
(100, 'Nueces de Brasil', 'Fruta seca', 'Nueces de Brasil: Fuente natural de selenio, grasas saludables y proteínas.'),
(101, 'Higos secos', 'Fruta seca', 'Higos secos: Fruta deshidratada rica en fibra, calcio y antioxidantes.'),
(102, 'Pasas', 'Fruta seca', 'Pasas: Uvas secas, fuente de energía rápida, hierro y antioxidantes.'),
(103, 'Dátiles', 'Fruta seca', 'Dátiles: Fruta deshidratada muy energética, rica en potasio y fibra soluble.'),
(104, 'Coco rallado', 'Fruta seca', 'Coco rallado: Fruto tropical seco, rico en grasas y fibra dietética.'),
(105, 'Harina de hueso', 'Fruta seca', 'Harina de hueso: Suplemento mineral rico en calcio y fósforo, usado en alimentación animal.'),
(106, 'Suplemento vitamínico', 'Suplemento', 'Suplemento vitamínico: Mezcla concentrada de vitaminas esenciales para reforzar la dieta.'),
(107, 'Minerales en bloque', 'Suplemento', 'Minerales en bloque: Bloques sólidos con minerales esenciales para animales de pastoreo.'),
(108, 'Sal mineralizada', 'Suplemento', 'Sal mineralizada: Fuente de sodio y minerales traza, usada para suplementar ganado.'),
(109, 'Levadura de cerveza', 'Suplemento', 'Levadura de cerveza: Fuente de vitamina B, probióticos y proteínas para humanos y animales.'),
(110, 'Aceite de hígado de bacalao', 'Suplemento', 'Aceite de hígado de bacalao: Rico en omega-3, vitamina A y D, beneficioso para huesos y piel.'),
(111, 'Alpiste  ', 'Semillas  ', 'Alpiste: Semilla pequeña rica en proteínas y antioxidantes, consumida por aves y humanos.'),
(112, 'Amaranto  ', 'Granos  ', 'Amaranto: Grano ancestral sin gluten, rico en proteínas, fibra y minerales.'),
(113, 'Arroz integral  ', 'Granos integrales  ', 'Arroz integral: Grano entero con fibra, vitaminas del grupo B y antioxidantes.'),
(114, 'Cebada  ', 'Cereal  ', 'Cebada: Cereal con alto contenido de fibra soluble, beneficioso para la digestión.'),
(115, 'Centeno  ', 'Cereal  ', 'Centeno: Cereal rico en fibra y antioxidantes, usado en panes integrales.'),
(116, 'Quinua  ', 'Pseudocereal  ', 'Quinua: Pseudocereal sin gluten, completo en aminoácidos y minerales esenciales.'),
(117, 'Trigo sarraceno  ', 'Pseudocereal  ', 'Trigo sarraceno: Pseudocereal libre de gluten, rico en antioxidantes y proteínas vegetales.'),
(118, 'Mijo  ', 'Granos pequeños  ', 'Mijo: Cereal sin gluten, fácil de digerir, rico en fibra y minerales como el magnesio.'),
(119, 'Linaza  ', 'Semillas  ', 'Linaza: Semilla rica en ácidos grasos omega-3, fibra y compuestos antiinflamatorios.'),
(120, 'Chía  ', 'Semillas  ', 'Chía: Semilla hidratante rica en fibra, omega-3, proteínas y antioxidantes.'),
(121, 'Ajonjolí  ', 'Semillas  ', 'Ajonjolí: Semilla oleaginosa rica en calcio, grasas saludables y antioxidantes.'),
(122, 'Aguacate  ', 'Fruta  ', 'Aguacate: Fruta rica en grasas monoinsaturadas, potasio y fibra dietética.'),
(123, 'Berros  ', 'Vegetal de hoja verde  ', 'Berros: Vegetal acuático rico en vitamina C, antioxidantes y compuestos detoxificantes.'),
(124, 'Rúcula  ', 'Vegetal de hoja verde  ', 'Rúcula: Hoja amarga rica en vitamina K, calcio y compuestos sulfurados anticancerígenos.'),
(125, 'Endibia  ', 'Vegetal de hoja verde  ', 'Endibia: Hortaliza de sabor ligeramente amargo, rica en fibra, potasio y ácido fólico.'),
(126, 'Acelga  ', 'Vegetal de hoja verde  ', 'Acelga: Verdura de hoja rica en hierro, magnesio y antioxidantes.'),
(127, 'Apio  ', 'Tallo comestible  ', 'Apio: Vegetal crujiente bajo en calorías, rico en fibra y compuestos diuréticos.'),
(128, 'Hinojo  ', 'Bulbo  ', 'Hinojo: Planta con sabor anisado, usada por sus propiedades digestivas y antioxidantes.'),
(129, 'Pepino cohombro  ', 'Vegetal  ', 'Pepino cohombro: Variedad alargada de pepino, muy hidratante y bajo en calorías.'),
(130, 'Chayote  ', 'Vegetal  ', 'Chayote: Hortaliza verde rica en fibra y potasio, de sabor suave.'),
(131, 'Okra  ', 'Vegetal  ', 'Okra: Vaina vegetal mucilaginosa rica en fibra y vitamina C, usada en sopas y guisos.'),
(132, 'Berenjena  ', 'Vegetal  ', 'Berenjena: Fruto morado rico en antioxidantes y bajo en calorías, ideal para asar.'),
(133, 'Col rizada (Kale)  ', 'Vegetal de hoja verde  ', 'Col rizada (Kale): Superalimento verde oscuro rico en calcio, hierro y antioxidantes.'),
(134, 'Pak choi  ', 'Vegetal de hoja verde  ', 'Pak choi: Col asiática rica en vitamina C, calcio y compuestos anticancerígenos.'),
(135, 'Rábano  ', 'Raíz  ', 'Rábano: Raíz crujiente y picante, rica en vitamina C y compuestos digestivos.'),
(136, 'Nabo  ', 'Raíz  ', 'Nabo: Raíz blanca rica en fibra, vitamina C y potasio, de sabor suave.'),
(137, 'Chirivía  ', 'Raíz  ', 'Chirivía: Raíz dulce similar a la zanahoria, rica en fibra y antioxidantes.'),
(138, 'Colinabo  ', 'Raíz  ', 'Colinabo: Hortaliza de raíz y tallo, fuente de vitamina C y fibra dietética.'),
(139, 'Jengibre  ', 'Tubérculo  ', 'Jengibre: Rizoma picante con propiedades antiinflamatorias y digestivas.'),
(140, 'Cúrcuma  ', 'Raíz  ', 'Cúrcuma: Rizoma de color amarillo intenso, potente antiinflamatorio natural.'),
(141, 'Algas nori  ', 'Alga marina  ', 'Algas nori: Alga comestible rica en yodo, proteínas y minerales esenciales.'),
(142, 'Algas kelp  ', 'Alga marina  ', 'Algas kelp: Alga marina grande, rica en yodo, calcio y fibra soluble.'),
(143, 'Camote morado  ', 'Tubérculo  ', 'Camote morado: Tubérculo dulce de color púrpura, rico en antocianinas y fibra.'),
(144, 'Papa violeta  ', 'Tubérculo  ', 'Papa violeta: Variedad de papa con antioxidantes naturales y almidón resistente.'),
(145, 'Yacón  ', 'Raíz  ', 'Yacón: Raíz dulce rica en fructooligosacáridos, beneficiosa para la flora intestinal.'),
(146, 'Taro  ', 'Tubérculo  ', 'Taro: Raíz tropical rica en carbohidratos complejos y fibra, muy digestiva.'),
(147, 'Malanga  ', 'Tubérculo  ', 'Malanga: Tubérculo tropical con almidón de fácil digestión, fuente de energía.'),
(148, 'Amaranto hoja  ', 'Vegetal de hoja verde  ', 'Amaranto hoja: Hoja comestible rica en hierro, calcio y antioxidantes.'),
(149, 'Maca en polvo  ', 'Raíz en polvo  ', 'Maca en polvo: Raíz andina energizante, adaptógena y rica en minerales.'),
(150, 'Alfalfa germinada  ', 'Germinado  ', 'Alfalfa germinada: Brotes ricos en clorofila, enzimas digestivas y nutrientes esenciales.');

-- --------------------------------------------------------

--
-- Estructura de tabla para la tabla `tanimal`
--

CREATE TABLE `tanimal` (
  `id_animal` int(11) NOT NULL,
  `nom_animal` varchar(20) DEFAULT NULL,
  `edad_animal` int(11) DEFAULT NULL,
  `sexo_animal` varchar(1) DEFAULT NULL,
  `fecha_nacimiento_animal` date DEFAULT NULL,
  `id_especie` int(11) DEFAULT NULL,
  `id_raza` int(11) DEFAULT NULL,
  `id_pais_origen` int(11) DEFAULT NULL,
  `id_habitat` int(11) DEFAULT NULL,
  `id_alimento` int(11) DEFAULT NULL,
  `estado_sanitario` varchar(1) DEFAULT NULL,
  `id_dieta` int(11) DEFAULT NULL,
  `foto` blob DEFAULT NULL,
  `pelaje` varchar(60) DEFAULT NULL,
  `altura` int(11) DEFAULT NULL,
  `peso` int(11) DEFAULT NULL
) ENGINE=InnoDB DEFAULT CHARSET=utf8mb4 COLLATE=utf8mb4_general_ci;

--
-- Volcado de datos para la tabla `tanimal`
--

INSERT INTO `tanimal` (`id_animal`, `nom_animal`, `edad_animal`, `sexo_animal`, `fecha_nacimiento_animal`, `id_especie`, `id_raza`, `id_pais_origen`, `id_habitat`, `id_alimento`, `estado_sanitario`, `id_dieta`, `foto`, `pelaje`, `altura`, `peso`) VALUES
(1, 'Simba', 5, 'M', '2018-03-15', 1, 1, 73, 2, 23, 'R', 3, '', 'Liso corto', 160, 255),
(2, 'Nala', 4, 'H', '2019-07-22', 2, 1, 152, 1, 56, 'B', 1, '', 'Liso largo', 165, 260),
(3, 'Mufasa', 12, 'M', '2011-11-10', 3, 2, 18, 3, 89, 'B', 10, '', 'Rizado', 170, 265),
(4, 'Sarabi', 11, 'H', '2012-09-05', 4, 2, 194, 2, 12, 'R', 10, '', 'Ondulado', 175, 270),
(5, 'Baloo', 8, 'M', '2015-04-30', 5, 3, 5, 3, 45, 'R', 30, '', 'Doble capa', 160, 275),
(6, 'Lola', 6, 'H', '2017-08-12', 6, 3, 87, 1, 78, 'M', 1, '', 'Lanudo', 165, 280),
(7, 'Misha', 10, 'M', '2020-02-28', 7, 4, 132, 2, 3, 'B', 1, '', 'Sedoso', 170, 285),
(8, 'Dumbo', 10, 'M', '2013-06-18', 8, 5, 41, 3, 67, 'M', 1, '', 'Espesado', 175, 290),
(9, 'Elli', 9, 'H', '2014-05-09', 9, 6, 163, 1, 34, 'B', 1, '', 'Algodonoso', 180, 295),
(10, 'Tembo', 2, 'M', '2021-01-25', 10, 6, 29, 1, 91, 'R', 1, '', 'Rizado apretado', 185, 300),
(11, 'Shere Khan', 7, 'M', '2016-10-15', 11, 7, 112, 3, 110, 'B', 29, '', 'Afelpado', 190, 305),
(12, 'Maya', 5, 'H', '2018-04-03', 12, 7, 66, 2, 5, 'R', 29, '', 'Crespo', 195, 310),
(13, 'Bagheera', 6, 'M', '2017-09-20', 13, 8, 178, 1, 77, 'R', 29, '', 'Brillante', 200, 315),
(14, 'Raksha', 8, 'H', '2015-12-05', 14, 8, 91, 3, 29, 'B', 29, '', 'Mate', 205, 320),
(15, 'King Louie', 12, 'M', '2011-07-30', 15, 9, 24, 2, 102, 'B', 11, '', 'Grueso', 210, 325),
(16, 'Kala', 10, 'H', '2013-03-22', 16, 9, 157, 2, 14, 'B', 11, '', 'Fino', 215, 330),
(17, 'Bambi', 3, 'M', '2020-05-14', 17, 10, 33, 1, 63, 'M', 12, '', 'Rugoso', 220, 335),
(18, 'Faline', 2, 'H', '2021-08-19', 18, 11, 145, 3, 88, 'M', 12, '', 'Suave', 225, 340),
(19, 'Pumba', 5, 'M', '2018-02-11', 19, 11, 76, 2, 41, 'R', 12, '', 'Duro', 230, 345),
(20, 'Timon', 4, 'M', '2019-06-27', 20, 12, 189, 3, 7, 'B', 12, '', 'Esponjoso', 235, 255),
(21, 'Zazu', 8, 'M', '2015-09-03', 21, 13, 12, 1, 96, 'B', 21, '', 'Hirsuto', 240, 260),
(22, 'Marlin', 6, 'M', '2017-04-15', 22, 13, 108, 2, 18, 'R', 20, '', 'Pelo de alambre', 245, 265),
(23, 'Dory', 5, 'H', '2018-07-22', 23, 14, 55, 3, 52, 'R', 19, '', 'Pelo de cepillo', 250, 270),
(24, 'Willy', 15, 'M', '2008-12-10', 24, 15, 167, 1, 105, 'M', 20, '', 'Pelo de cordón', 255, 275),
(25, 'Luna', 12, 'H', '2011-05-18', 25, 16, 38, 3, 37, 'B', 20, '', 'Pelo de felpa', 260, 280),
(26, 'Rocky', 4, 'M', '2019-11-25', 26, 17, 124, 2, 80, 'M', 20, '', 'Pelo de manta', 265, 285),
(27, 'Blanca', 3, 'H', '2020-09-14', 27, 17, 71, 1, 9, 'B', 20, '', 'Pelo de terciopelo', 270, 290),
(29, 'Rita', 5, 'H', '2018-04-19', 29, 18, 14, 2, 26, 'B', 14, '', 'Pelo en mechones', 280, 300),
(30, 'Gonzo', 10, 'M', '2013-07-07', 30, 19, 96, 1, 99, 'R', 31, '', 'Pelo erizado', 285, 305),
(31, 'Roo', 2, 'M', '2021-02-28', 31, 19, 47, 2, 48, 'R', 6, '', 'Pelo de cerdas', 290, 310),
(32, 'Kala', 8, 'H', '2015-10-12', 32, 20, 182, 3, 83, 'B', 31, '', 'Pelo de plumas', 295, 315),
(33, 'Manchas', 6, 'H', '2017-06-24', 33, 20, 63, 1, 21, 'B', 34, '', 'Pelo de flecos', 300, 320),
(34, 'Selva', 4, 'M', '2019-03-15', 34, 21, 117, 2, 64, 'B', 31, '', 'Pelo de barba', 305, 325),
(35, 'Tarzan', 9, 'H', '2014-12-05', 35, 21, 26, 3, 107, 'M', 109, '', 'Pelo de crin', 310, 330),
(36, 'Jane', 7, 'M', '2016-08-18', 36, 22, 154, 2, 32, 'M', 31, '', 'Pelo de melena', 315, 335),
(37, 'Chape', 12, 'H', '2011-04-22', 37, 22, 82, 1, 75, 'R', 31, '', 'Pelo de cola tupida', 320, 340),
(38, 'Lenta', 10, 'M', '2013-09-30', 38, 23, 135, 3, 16, 'B', 37, '', 'Pelo de cola plumosa', 325, 345),
(39, 'Armando', 15, 'H', '2008-07-14', 39, 23, 9, 2, 93, 'B', 7, '', 'Pelo de patas emplumadas', 330, 255),
(40, 'Isabela', 18, 'M', '2005-11-25', 40, 24, 101, 1, 55, 'R', 32, '', 'Pelo de orejas peludas', 335, 260),
(41, 'Iago', 8, 'M', '2015-05-19', 41, 24, 59, 3, 108, 'R', 5, '', 'Pelo de hocico corto', 340, 265),
(42, 'Zuzu', 6, 'M', '2017-02-14', 42, 25, 173, 2, 19, 'M', 108, '', 'Pelo de vientre desnudo', 345, 270),
(43, 'Piolin', 3, 'M', '2020-08-03', 43, 25, 31, 1, 68, 'B', 22, '', 'Pelo de dorso oscuro', 350, 275),
(44, 'Big Bird', 5, 'H', '2018-10-12', 44, 26, 142, 3, 39, 'M', 23, '', 'Pelo de vientre claro', 355, 280),
(45, 'Hedwing', 4, 'M', '2019-07-25', 45, 26, 78, 2, 104, 'B', 23, '', 'Pelo atigrado', 360, 285),
(46, 'Pavo', 2, 'H', '2021-04-18', 46, 27, 193, 3, 27, 'R', 23, '', 'Pelo moteado', 245, 290),
(47, 'Pluma', 7, 'H', '2016-09-22', 47, 27, 21, 1, 72, 'B', 23, '', 'Pelo manchado', 250, 295),
(48, 'Pico', 5, 'M', '2018-03-15', 48, 28, 115, 2, 11, 'R', 19, '', 'Pelo jaspeado', 255, 300),
(49, 'Alita', 4, 'H', '2019-11-08', 49, 28, 52, 3, 85, 'R', 19, '', 'Pelo a rayas', 260, 305),
(50, 'Quetzal', 6, 'M', '2017-06-30', 50, 29, 168, 1, 44, 'B', 23, '', 'Pelo punteado', 265, 310),
(51, 'Rango', 8, 'M', '2015-08-12', 51, 29, 43, 2, 97, 'B', 23, '', 'Pelo salpicado', 270, 315),
(52, 'Godzilla', 12, 'M', '2011-07-25', 52, 30, 128, 1, 6, 'B', 12, '', 'Pelo parcheado', 275, 320),
(53, 'Crush', 25, 'M', '1998-09-14', 53, 30, 69, 3, 61, 'M', 10, '', 'Pelo bicolor', 280, 325),
(54, 'Kaa', 15, 'H', '2008-04-05', 54, 31, 185, 2, 24, 'M', 82, '', 'Pelo tricolor', 285, 330),
(55, 'Viper', 7, 'M', '2016-10-18', 55, 31, 16, 1, 100, 'R', 20, '', 'Pelo multicolor', 290, 335),
(56, 'Kermit', 5, 'M', '2018-05-22', 56, 32, 94, 3, 49, 'B', 20, '', 'Pelo uniforme', 295, 340),
(57, 'Jump', 3, 'H', '2020-08-15', 57, 32, 37, 2, 82, 'B', 29, '', 'Pelo degradado', 300, 345),
(58, 'Babe', 2, 'M', '2021-03-10', 58, 33, 148, 3, 15, 'R', 10, '', 'Pelo sombreado', 305, 160),
(59, 'Wilbur', 1, 'M', '2022-01-15', 59, 33, 84, 1, 70, 'R', 10, '', 'Pelo con marcas', 310, 165),
(60, 'Simba  ', 7, 'M', '2018-03-15', 60, 34, 121, 2, 33, 'M', 3, '', 'Pelo con lunares', 315, 170),
(61, 'Luna  ', 5, 'H', '2019-07-22', 61, 34, 7, 3, 94, 'B', 3, '', 'Pelo con rosetas', 320, 175),
(62, 'Thor  ', 7, 'M', '2017-11-10', 62, 35, 106, 1, 57, 'M', 12, '', 'Pelo con franjas', 325, 160),
(63, 'Kiara  ', 5, 'H', '2020-05-05', 63, 35, 49, 3, 8, 'B', 18, '', 'Pelo con collar', 330, 165),
(64, 'Baloo  ', 8, 'M', '2016-09-18', 64, 36, 176, 2, 76, 'R', 18, '', 'Pelo con máscara', 335, 170),
(65, 'Maya  ', 4, 'H', '2021-01-30', 65, 37, 35, 1, 31, 'B', 18, '', 'Pelo con gorro', 340, 175),
(66, 'Coco  ', 6, 'M', '2018-12-12', 66, 38, 139, 3, 106, 'R', 110, '', 'Pelo con calcetines', 345, 180),
(67, 'Zeus  ', 8, 'M', '2017-04-03', 67, 38, 72, 2, 42, 'R', 18, '', 'Pelo con punta oscura', 350, 185),
(68, 'Nala  ', 4, 'H', '2020-08-25', 68, 39, 158, 1, 73, 'B', 54, '', 'Pelo con base clara', 355, 190),
(69, 'Rocky  ', 6, 'M', '2019-02-14', 69, 39, 23, 2, 20, 'B', 17, '', 'Pelo con raya dorsal', 360, 195),
(70, 'Toto  ', 6, 'M', '2018-06-08', 70, 40, 113, 3, 95, 'B', 38, '', 'Pelo con vientre plateado', 365, 160),
(71, 'Pacho  ', 7, 'M', '2017-10-19', 71, 40, 64, 1, 54, 'M', 39, '', 'Pelo con hombros oscuros', 370, 165),
(72, 'Chaska  ', 4, 'H', '2021-03-01', 72, 41, 187, 2, 109, 'M', 39, '', 'Pelo con patas blancas', 375, 170),
(73, 'Umba  ', 6, 'M', '2019-05-27', 73, 41, 11, 3, 13, 'R', 40, '', 'Pelo con cola anillada', 380, 175),
(74, 'Taita  ', 8, 'M', '2016-07-09', 74, 42, 97, 1, 66, 'B', 40, '', 'Pelo con orejas negras', 385, 160),
(75, 'Kira  ', 4, 'H', '2020-11-24', 75, 42, 42, 3, 35, 'B', 38, '', 'Pelo con hocico blanco', 390, 165),
(76, 'Bruno  ', 7, 'M', '2018-04-13', 76, 43, 164, 2, 90, 'R', 36, '', 'Pelo con antifaz', 395, 170),
(77, 'Lola  ', 7, 'H', '2017-09-06', 77, 43, 27, 1, 25, 'R', 40, '', 'Pelo con pecho blanco', 400, 175),
(78, 'Goliath  ', 4, 'M', '2021-01-21', 78, 44, 133, 3, 74, 'M', 43, '', 'Pelo con espalda oscura', 405, 180),
(79, 'Nube  ', 5, 'H', '2019-12-16', 79, 44, 81, 2, 1, 'B', 43, '', 'Pelo con flancos claros', 410, 185),
(80, 'Tarzán  ', 8, 'M', '2016-08-02', 80, 45, 151, 1, 60, 'M', 43, '', 'Pelo con cuello oscuro', 415, 190),
(81, 'Sasha  ', 6, 'H', '2018-10-29', 81, 45, 3, 2, 103, 'B', 35, '', 'Pelo con muslos rayados', 420, 195),
(82, 'Oso  ', 8, 'M', '2017-05-11', 82, 46, 119, 3, 38, 'R', 35, '', 'Pelo con manchas en lomo', 425, 255),
(83, 'Pancha  ', 5, 'H', '2020-03-07', 83, 46, 56, 1, 79, 'B', 35, '', 'Pelo con vientre moteado', 430, 260),
(84, 'Tigrillo  ', 5, 'M', '2019-06-23', 84, 47, 192, 3, 10, 'R', 44, '', 'Pelo con dorso rayado', 435, 265),
(85, 'Mochila  ', 7, 'M', '2018-02-17', 85, 47, 19, 2, 69, 'R', 16, '', 'Pelo con patas atigradas', 440, 270),
(86, 'Koda  ', 7, 'H', '2017-10-04', 86, 48, 104, 1, 28, 'B', 43, '', 'Pelo con cola punteada', 445, 275),
(87, 'Duma  ', 4, 'M', '2021-01-28', 87, 48, 68, 3, 101, 'B', 42, '', 'Pelo con orejas moteadas', 450, 280),
(88, 'Yuma  ', 8, 'H', '2016-07-14', 88, 49, 179, 2, 47, 'B', 42, '', 'Pelo con hocico manchado', 455, 285),
(89, 'Willy  ', 4, 'M', '2020-12-20', 89, 50, 32, 3, 86, 'M', 42, '', 'Pelo con pecho jaspeado', 460, 290),
(90, 'Pekka  ', 6, 'M', '2019-04-09', 90, 51, 126, 1, 17, 'M', 42, '', 'Pelo con espalda salpicada', 465, 295),
(91, 'Lilo  ', 7, 'H', '2017-08-03', 91, 52, 74, 2, 92, 'R', 45, '', 'Pelo con flancos parcheados', 470, 300),
(92, 'Rayo  ', 6, 'M', '2018-11-26', 92, 53, 147, 3, 51, 'B', 45, '', 'Pelo con cuello bicolor', 475, 305),
(93, 'Mufasa  ', 5, 'H', '2020-05-15', 93, 53, 8, 1, 112, 'B', 45, '', 'Pelo con muslos tricolores', 480, 310),
(94, 'Tuki  ', 6, 'M', '2019-01-31', 94, 54, 88, 2, 4, 'R', 46, '', 'Pelo con lomo multicolor', 485, 315),
(95, 'Bimba  ', 7, 'H', '2017-06-18', 95, 55, 53, 1, 65, 'R', 46, '', 'Pelo con vientre uniforme', 490, 320),
(96, 'Chucho  ', 4, 'M', '2020-09-22', 96, 55, 171, 3, 36, 'M', 47, '', 'Pelo con dorso degradado', 495, 325),
(97, 'Nando  ', 7, 'H', '2018-03-12', 97, 56, 25, 2, 87, 'B', 47, '', 'Pelo con patas sombreadas', 500, 330),
(98, 'Pipa  ', 5, 'M', '2019-07-07', 98, 56, 137, 1, 22, 'M', 26, '', 'Pelo con cola con marcas', 505, 335),
(99, 'Toto  ', 4, 'M', '2021-02-24', 99, 57, 79, 3, 59, 'B', 26, '', 'Pelo con orejas con lunares', 510, 340),
(100, 'Kairo  ', 8, 'H', '2016-10-05', 100, 58, 155, 2, 98, 'R', 27, '', 'Pelo con hocico con rosetas', 515, 345),
(101, 'Nina  ', 5, 'M', '2020-04-19', 101, 59, 13, 3, 43, 'B', 26, '', 'Pelo con pecho con franjas', 520, 255),
(102, 'Tito  ', 7, 'H', '2017-08-13', 102, 59, 102, 1, 84, 'R', 26, '', 'Pelo con espalda con collar', 525, 260),
(103, 'Pango  ', 6, 'M', '2018-12-30', 103, 60, 61, 2, 2, 'R', 13, '', 'Pelo con flancos con máscara', 530, 265),
(104, 'Lúa  ', 5, 'H', '2019-05-21', 104, 60, 183, 3, 53, 'B', 13, '', 'Pelo con cuello con gorro', 535, 270),
(105, 'Roco  ', 8, 'M', '2016-09-10', 105, 61, 36, 1, 108, 'B', 13, '', 'Pelo con muslos con calcetines', 540, 275),
(106, 'Kala  ', 4, 'H', '2020-11-02', 106, 62, 129, 3, 30, 'B', 24, '', 'Pelo con lomo con punta oscura', 545, 280),
(107, 'Taco  ', 7, 'M', '2018-03-27', 107, 62, 67, 2, 81, 'M', 24, '', 'Pelo con vientre con base clara', 550, 285),
(109, 'Pekín  ', 4, 'M', '2021-01-23', 109, 64, 22, 3, 36, 'R', 24, '', 'Pelo con patas con vientre plateado', 560, 295),
(110, 'Tita  ', 5, 'H', '2019-06-14', 110, 64, 109, 2, 87, 'B', 25, '', 'Pelo con cola con hombros oscuros', 565, 300),
(111, 'Kibo', 8, 'M', '2020-02-28', 111, 111, 78, 2, 45, 'B', 31, '', 'Pelo con orejas con patas blancas', 570, 305),
(112, 'Yara', 4, 'H', '2013-06-18', 112, 112, 193, 1, 78, 'M', 109, '', 'Pelo con hocico con cola anillada', 575, 310),
(113, 'Tazu', 6, 'M', '2014-05-09', 113, 113, 21, 2, 3, 'B', 31, '', 'Pelo con pecho con orejas negras', 580, 315),
(114, 'Nuri', 8, 'H', '2021-01-25', 114, 114, 115, 3, 67, 'R', 31, '', 'Pelo con espalda con hocico blanco', 585, 320),
(115, 'Jengo', 4, 'M', '2016-10-15', 115, 115, 52, 1, 34, 'B', 37, '', 'Pelo con flancos con antifaz', 590, 325),
(116, 'Sable', 6, 'M', '2018-04-03', 116, 116, 168, 2, 91, 'R', 7, '', 'Pelo con cuello con pecho blanco', 595, 330),
(117, 'Zorik', 6, 'H', '2017-09-20', 117, 117, 43, 3, 110, 'R', 32, '', 'Pelo con muslos con espalda oscura', 600, 335),
(118, 'Tikal', 7, 'M', '2015-12-05', 118, 118, 128, 1, 5, 'B', 5, '', 'Pelo con lomo con flancos claros', 605, 340),
(119, 'Nyota', 4, 'H', '2011-07-30', 119, 119, 69, 3, 77, 'B', 108, '', 'Pelo con vientre con cuello oscuro', 610, 345),
(120, 'Kuma', 6, 'M', '2013-03-22', 120, 120, 185, 2, 29, 'B', 22, '', 'Pelo con dorso con muslos rayados', 615, 255),
(121, 'Tundra', 8, 'H', '2020-05-14', 121, 121, 16, 1, 102, 'M', 23, '', 'Pelo con patas con manchas en lomo', 620, 260),
(122, 'Mosi', 4, 'M', '2021-08-19', 122, 122, 94, 3, 14, 'M', 23, '', 'Pelo con cola con vientre moteado', 625, 265),
(123, 'Yuka', 7, 'H', '2018-02-11', 123, 123, 37, 2, 63, 'R', 23, '', 'Pelo con orejas con dorso rayado', 630, 270),
(124, 'Jira', 7, 'M', '2019-06-27', 124, 124, 148, 1, 88, 'B', 23, '', 'Pelo con hocico con patas atigradas', 635, 275),
(125, 'Kovu', 4, 'M', '2015-09-03', 125, 125, 84, 2, 41, 'B', 19, '', 'Pelo con pecho con cola punteada', 640, 280),
(126, 'Nix', 5, 'H', '2017-04-15', 126, 126, 121, 3, 7, 'R', 19, '', 'Pelo con espalda con orejas moteadas', 645, 285),
(127, 'Quilla', 8, 'H', '2018-07-22', 127, 127, 7, 1, 96, 'R', 23, '', 'Pelo con flancos con hocico manchado', 650, 290),
(128, 'Rudo', 6, 'M', '2008-12-10', 128, 128, 106, 3, 18, 'M', 23, '', 'Pelo con cuello con pecho jaspeado', 655, 295),
(129, 'Sia', 8, 'H', '2011-05-18', 129, 129, 49, 2, 52, 'B', 12, '', 'Pelo con muslos con espalda salpicada', 660, 300),
(130, 'Tamo', 5, 'M', '2019-11-25', 130, 130, 176, 1, 105, 'M', 10, '', 'Pelo con lomo con flancos parcheados', 665, 305),
(131, 'Umi', 5, 'H', '2020-09-14', 131, 131, 35, 3, 37, 'B', 82, '', 'Pelo con vientre con cuello bicolor', 670, 310),
(132, 'Vayu', 7, 'M', '2016-08-03', 132, 132, 139, 2, 80, 'R', 20, '', 'Pelo con dorso con muslos tricolores', 675, 315),
(133, 'Wero', 7, 'M', '2018-04-19', 133, 133, 72, 3, 9, 'B', 20, '', 'Pelo con patas con lomo multicolor', 680, 320),
(134, 'Xolo', 4, 'M', '2013-07-07', 134, 134, 158, 1, 71, 'R', 29, '', 'Pelo con cola con vientre uniforme', 685, 325),
(135, 'Yavi', 8, 'M', '2021-02-28', 135, 135, 23, 2, 26, 'R', 10, '', 'Pelo con orejas con dorso degradado', 690, 330),
(136, 'Zola', 4, 'H', '2015-10-12', 136, 136, 113, 3, 99, 'B', 10, '', 'Pelo con hocico con patas sombreadas', 695, 335),
(137, 'Akili', 6, 'H', '2017-06-24', 137, 137, 64, 1, 48, 'B', 3, '', 'Pelo con pecho con cola con marcas', 700, 340),
(138, 'Brio', 7, 'M', '2019-03-15', 138, 138, 187, 2, 83, 'B', 3, '', 'Pelo con espalda con orejas con lunares', 705, 345),
(139, 'Cira', 6, 'H', '2014-12-05', 139, 139, 11, 1, 21, 'M', 12, '', 'Pelo con flancos con hocico con rosetas', 710, 160),
(140, 'Dune', 5, 'M', '2016-08-18', 140, 140, 97, 3, 64, 'M', 18, '', 'Pelo con cuello con pecho con franjas', 715, 165),
(141, 'Elio', 6, 'M', '2011-04-22', 141, 141, 42, 2, 107, 'R', 18, '', 'Pelo con muslos con espalda con collar', 720, 170),
(142, 'Fennec', 7, 'M', '2013-09-30', 142, 142, 164, 1, 32, 'B', 18, '', 'Pelo con lomo con flancos con máscara', 725, 175),
(143, 'Gadi', 4, 'M', '2008-07-14', 143, 143, 27, 3, 75, 'B', 110, '', 'Pelo con vientre con cuello con gorro', 730, 160),
(144, 'Haku', 7, 'M', '2005-11-25', 144, 144, 133, 2, 16, 'R', 18, '', 'Pelo con dorso con muslos con calcetines', 735, 165),
(145, 'Indra', 5, 'H', '2015-05-19', 145, 145, 81, 3, 93, 'R', 54, '', 'Pelo con patas con lomo con punta oscura', 740, 170),
(146, 'Jova', 4, 'H', '2017-02-14', 146, 146, 151, 1, 55, 'M', 17, '', 'Pelo con cola con vientre con base clara', 745, 175),
(147, 'Kaida', 8, 'H', '2020-08-03', 147, 147, 3, 2, 108, 'B', 38, '', 'Pelo con orejas con dorso con raya dorsal', 750, 180),
(148, 'Lirio', 5, 'M', '2018-10-12', 148, 148, 119, 3, 19, 'M', 39, '', 'Pelo con hocico con patas con vientre plateado', 755, 185),
(149, 'Mako', 7, 'M', '2019-07-25', 149, 149, 56, 1, 68, 'B', 39, '', 'Pelo con pecho con cola con hombros oscuros', 760, 190),
(150, 'Nixie', 6, 'H', '2021-04-18', 150, 150, 192, 3, 39, 'R', 40, '', 'Pelo con espalda con orejas con patas blancas', 765, 195);

-- --------------------------------------------------------

--
-- Estructura de tabla para la tabla `tbitacora`
--

CREATE TABLE `tbitacora` (
  `id_bitacora` int(11) NOT NULL,
  `id_usuario` int(11) DEFAULT NULL,
  `descripcion_accion` varchar(300) DEFAULT NULL,
  `fecha_accion` date DEFAULT NULL,
  `hora_accion` time DEFAULT NULL,
  `hora_salida` time DEFAULT NULL
) ENGINE=InnoDB DEFAULT CHARSET=utf8mb4 COLLATE=utf8mb4_general_ci;

--
-- Volcado de datos para la tabla `tbitacora`
--

INSERT INTO `tbitacora` (`id_bitacora`, `id_usuario`, `descripcion_accion`, `fecha_accion`, `hora_accion`, `hora_salida`) VALUES
(1, 1, 'Registro de ingreso al sistema', '2017-03-12', '08:15:00', '01:10:00'),
(2, 2, 'Actualización de datos de animal #245', '2019-08-05', '09:30:00', '02:25:00'),
(3, 3, 'Reporte de alimentación de felinos', '2021-11-18', '10:45:00', '03:40:00'),
(4, 4, 'Solicitud de mantenimiento en hábitat aviar', '2018-05-22', '11:20:00', '04:55:00'),
(5, 5, 'Control de temperatura en reptilario', '2020-09-14', '12:50:00', '08:05:00'),
(6, 6, 'Revisión médica de oso andino', '2023-01-30', '01:10:00', '09:22:00'),
(7, 7, 'Limpieza de área de primates', '2016-07-09', '02:25:00', '10:38:00'),
(8, 8, 'Cambio de enriquecimiento ambiental para tigres', '2022-04-17', '03:40:00', '11:55:00'),
(9, 9, 'Registro de peso de jirafa', '2021-02-28', '04:55:00', '12:15:00'),
(10, 10, 'Monitoreo de comportamiento de lobos', '2019-10-31', '08:05:00', '01:30:00'),
(11, 11, 'Actualización de historial veterinario', '2018-12-03', '09:22:00', '02:45:00'),
(12, 12, 'Reporte de consumo de alimento en aviario', '2020-06-25', '10:38:00', '03:15:00'),
(13, 13, 'Inspección de cerramientos', '2023-07-08', '11:55:00', '04:30:00'),
(14, 14, 'Solicitud de suministros médicos', '2017-09-19', '12:15:00', '08:50:00'),
(15, 15, 'Registro de visita guiada escolar', '2021-05-11', '01:30:00', '09:10:00'),
(16, 16, 'Mantenimiento de sistema de filtración acuático', '2016-11-27', '02:45:00', '10:25:00'),
(17, 17, 'Control de inventario de alimentos', '2022-08-14', '03:15:00', '11:40:00'),
(18, 18, 'Reporte de condición climática en hábitats', '2019-04-06', '04:30:00', '12:00:00'),
(19, 19, 'Actualización de software de monitoreo', '2020-01-15', '08:50:00', '01:20:00'),
(20, 20, 'Capacitación de personal en protocolos nuevos', '2024-02-29', '09:10:00', '02:35:00'),
(21, 21, 'Revisión de cámaras de vigilancia', '2018-07-01', '10:25:00', '03:50:00'),
(22, 22, 'Registro de nacimiento de cría de león', '2023-03-22', '11:40:00', '04:05:00'),
(23, 23, 'Ajuste de dieta para primate con alergia', '2017-12-10', '12:00:00', '08:30:00'),
(24, 24, 'Llamado a proveedor de vegetales', '2021-08-03', '01:20:00', '09:45:00'),
(25, 25, 'Reporte de interacción entre animales', '2016-04-18', '02:35:00', '10:00:00'),
(26, 26, 'Inspección de calidad del agua', '2022-10-09', '03:50:00', '11:15:00'),
(27, 27, 'Registro de visita de investigador externo', '2020-03-27', '04:05:00', '12:30:00'),
(28, 28, 'Solicitud de material de enriquecimiento', '2019-01-08', '08:30:00', '01:45:00'),
(29, 29, 'Actualización de carteles informativos', '2024-05-14', '09:45:00', '02:00:00'),
(30, 30, 'Control de parámetros de humedad', '2018-02-21', '10:00:00', '03:25:00'),
(31, 31, 'Revisión de stock de medicamentos', '2023-09-05', '11:15:00', '04:40:00'),
(32, 32, 'Reporte de comportamiento anómalo en elefante', '2017-06-16', '12:30:00', '08:12:00'),
(33, 33, 'Mantenimiento de senderos turísticos', '2021-12-22', '01:45:00', '09:27:00'),
(34, 34, 'Registro de salida de personal', '2016-09-02', '02:00:00', '10:42:00'),
(35, 35, 'Desinfección de área de cuarentena', '2022-05-19', '03:25:00', '11:57:00'),
(36, 36, 'Actualización de protocolo de emergencia', '2020-11-30', '04:40:00', '12:17:00'),
(37, 37, 'Capacitación en RCP para animales', '2019-07-12', '08:12:00', '01:32:00'),
(38, 38, 'Control de peso de reptiles', '2024-01-25', '09:27:00', '01:10:00'),
(39, 39, 'Reporte de falla en sistema de riego', '2018-08-07', '10:42:00', '02:25:00'),
(40, 40, 'Inspección de comedero automático', '2023-04-18', '11:57:00', '03:40:00'),
(41, 41, 'Registro de donación de alimento', '2017-01-29', '12:17:00', '04:55:00'),
(42, 42, 'Solicitud de análisis de laboratorio', '2021-06-15', '01:32:00', '08:05:00'),
(43, 43, 'Actualización de registros de vacunación', '2016-03-08', '02:47:00', '09:22:00'),
(44, 44, 'Monitoreo nocturno de hábitos animales', '2022-11-21', '03:02:00', '10:38:00'),
(45, 45, 'Limpieza de estanque de flamencos', '2020-08-04', '04:17:00', '11:55:00'),
(46, 46, 'Reporte de condición dental de hipopótamo', '2019-02-17', '08:37:00', '12:15:00'),
(47, 47, 'Mantenimiento de equipos veterinarios', '2024-06-30', '09:52:00', '01:30:00'),
(48, 48, 'Registro de entrada de nuevo personal', '2018-09-13', '10:07:00', '02:45:00'),
(49, 49, 'Control de inventario de herramientas', '2023-02-24', '11:22:00', '03:15:00'),
(50, 50, 'Revisión de dieta para aves rapaces', '2017-04-05', '12:37:00', '04:30:00'),
(51, 51, 'Actualización de base de datos animal', '2021-10-28', '01:52:00', '08:50:00'),
(52, 52, 'Capacitación en manejo de serpientes', '2016-12-11', '02:07:00', '09:10:00'),
(53, 53, 'Reporte de condición de piel en jaguar', '2022-07-02', '03:22:00', '10:25:00'),
(54, 54, 'Inspección de área de cuarentena', '2020-04-19', '04:37:00', '11:40:00'),
(55, 55, 'Registro de visita de mantenimiento eléctrico', '2019-11-20', '08:02:00', '12:00:00'),
(56, 56, 'Solicitud de material didáctico', '2024-03-12', '09:17:00', '01:20:00'),
(57, 57, 'Control de temperatura en nursery', '2018-06-25', '10:32:00', '02:35:00'),
(58, 58, 'Monitoreo de interacción madre-cría', '2023-10-08', '11:47:00', '03:50:00'),
(59, 59, 'Limpieza de área de alimentación', '2017-11-01', '12:02:00', '04:05:00'),
(60, 60, 'Reporte de consumo de agua animal', '2021-03-14', '01:17:00', '08:30:00'),
(61, 61, 'Mantenimiento de cerco perimetral', '2016-08-16', '02:32:00', '09:45:00'),
(62, 62, 'Actualización de ficha técnica de animal', '2022-01-29', '03:47:00', '10:00:00'),
(63, 63, 'Registro de actividad educativa', '2020-10-22', '04:02:00', '11:15:00'),
(64, 64, 'Revisión de sistema de climatización', '2019-05-05', '08:27:00', '12:30:00'),
(65, 65, 'Control de peso de crías de primate', '2024-07-18', '09:42:00', '01:45:00'),
(66, 66, 'Reporte de condición de patas en rinoceronte', '2018-03-30', '10:57:00', '02:00:00'),
(67, 67, 'Inspección de árboles en hábitat', '2023-06-11', '11:12:00', '03:25:00'),
(68, 68, 'Solicitud de reparación de drones', '2017-10-24', '12:27:00', '04:40:00'),
(69, 69, 'Capacitación en registro de datos', '2021-01-07', '01:42:00', '08:12:00'),
(70, 70, 'Actualización de calendario de vacunas', '2016-05-20', '02:57:00', '09:27:00'),
(71, 71, 'Monitoreo de dieta en oso perezoso', '2022-12-13', '03:12:00', '10:42:00'),
(72, 72, 'Limpieza de vidrios de observación', '2020-07-06', '04:27:00', '11:57:00'),
(73, 73, 'Registro de comportamiento de caza', '2019-03-09', '08:47:00', '12:17:00'),
(74, 74, 'Control de inventario de suplementos', '2024-04-22', '09:02:00', '01:32:00'),
(75, 75, 'Reporte de condición de plumas en guacamayo', '2018-10-15', '10:17:00', '01:10:00'),
(76, 76, 'Mantenimiento de bomba de agua', '2023-01-28', '11:32:00', '02:25:00'),
(77, 77, 'Revisión de protocolos de bioseguridad', '2017-02-08', '12:47:00', '03:40:00'),
(78, 78, 'Actualización de mapa del bioparque', '2021-09-21', '01:02:00', '04:55:00'),
(79, 79, 'Registro de visita de especialista', '2016-10-04', '02:17:00', '08:05:00'),
(80, 80, 'Solicitud de análisis de suelo', '2022-03-17', '03:32:00', '09:22:00'),
(81, 81, 'Control de parámetros de iluminación', '2020-12-10', '04:47:00', '10:38:00'),
(82, 82, 'Capacitación en primeros auxilios', '2019-06-23', '08:22:00', '11:55:00'),
(83, 83, 'Reporte de interacción con visitantes', '2024-08-05', '09:37:00', '12:15:00'),
(84, 84, 'Inspección de comedores automáticos', '2018-01-18', '10:52:00', '01:30:00'),
(85, 85, 'Monitoreo de niveles de estrés animal', '2023-05-31', '11:07:00', '02:45:00'),
(86, 86, 'Limpieza de área de descanso', '2017-08-12', '12:22:00', '03:15:00'),
(87, 87, 'Actualización de sistema de identificación', '2021-04-25', '01:37:00', '04:30:00'),
(88, 88, 'Registro de donación económica', '2016-02-07', '02:52:00', '08:50:00'),
(89, 89, 'Revisión de cámaras trampa', '2022-09-20', '03:07:00', '09:10:00'),
(90, 90, 'Control de calidad de alimento', '2020-05-13', '04:22:00', '10:25:00'),
(91, 91, 'Reporte de condición de caparazón en tortuga', '2019-12-26', '08:42:00', '11:40:00'),
(92, 92, 'Mantenimiento de vehículos del parque', '2024-09-08', '09:57:00', '12:00:00'),
(93, 93, 'Solicitud de material de construcción', '2018-04-01', '10:12:00', '01:20:00'),
(94, 94, 'Capacitación en manejo de aves', '2023-08-14', '11:27:00', '02:35:00'),
(95, 95, 'Actualización de registros de reproducción', '2017-05-27', '12:42:00', '03:50:00'),
(96, 96, 'Monitoreo de jerarquía en manada', '2021-07-10', '01:57:00', '04:05:00'),
(97, 97, 'Registro de temperatura corporal animal', '2016-01-23', '02:12:00', '08:30:00'),
(98, 98, 'Inspección de área de juegos infantiles', '2022-06-16', '03:27:00', '09:45:00'),
(99, 99, 'Control de inventario de uniformes', '2020-02-29', '04:42:00', '10:00:00'),
(100, 100, 'Reporte de condición de melena en león', '2019-09-11', '08:07:00', '11:15:00'),
(101, 101, 'Limpieza de filtros de aire', '2024-10-24', '09:12:00', '12:30:00'),
(102, 102, 'Revisión de protocolos de alimentación', '2018-11-07', '10:27:00', '01:45:00'),
(103, 103, 'Actualización de contenido educativo', '2023-12-20', '11:42:00', '02:00:00'),
(104, 104, 'Registro de actividad de voluntarios', '2017-07-03', '12:57:00', '03:25:00'),
(105, 105, 'Solicitud de equipo de medición', '2021-02-14', '01:12:00', '04:40:00'),
(106, 106, 'Monitoreo de patrones de sueño', '2016-06-27', '02:27:00', '08:12:00'),
(107, 107, 'Control de humedad en incubadora', '2022-02-10', '03:42:00', '09:27:00'),
(108, 108, 'Capacitación en rescate de fauna', '2020-01-03', '04:57:00', '10:42:00'),
(109, 109, 'Reporte de condición de pezuñas en cebra', '2019-08-16', '08:32:00', '11:57:00'),
(110, 110, 'Mantenimiento de sistema de sonido', '2024-11-29', '09:47:00', '12:17:00'),
(111, 111, 'Evaluación de respuesta a medicamento en paciente.', '2017-11-01', '08:27:00', '01:32:00'),
(112, 112, 'Rotación de enriquecimientos sensoriales para felinos.', '2021-03-14', '09:42:00', '01:10:00'),
(113, 113, 'Calibración de equipos de monitoreo cardíaco.', '2016-08-16', '10:57:00', '02:25:00'),
(114, 114, 'Registro de patrones de vocalización en aves rapaces.', '2022-01-29', '11:12:00', '03:40:00'),
(115, 115, 'Implementación de protocolo de hidratación para reptiles.', '2020-10-22', '12:27:00', '04:55:00'),
(116, 116, 'Evaluación de cicatrización post-quirúrgica.', '2019-05-05', '01:42:00', '08:05:00'),
(117, 117, 'Monitoreo de consumo de medicación en primates.', '2024-07-18', '02:57:00', '09:22:00'),
(118, 118, 'Actualización de diagramas de hábitats.', '2018-03-30', '03:12:00', '10:38:00'),
(119, 119, 'Prueba de respuesta a estímulos visuales.', '2023-06-11', '04:27:00', '11:55:00'),
(120, 120, 'Reorganización de área de almacenamiento médico.', '2017-10-24', '08:47:00', '12:15:00'),
(121, 121, 'Registro de patrones de descanso en carnívoros.', '2021-01-07', '09:02:00', '01:30:00'),
(122, 122, 'Prueba de tolerancia a nuevo suplemento alimenticio.', '2016-05-20', '10:17:00', '02:45:00'),
(123, 123, 'Evaluación de condición de almohadillas plantares.', '2022-12-13', '11:32:00', '03:15:00'),
(124, 124, 'Monitoreo de interacción intraespecífica en roedores.', '2020-07-06', '12:47:00', '04:30:00'),
(125, 125, 'Actualización de registros de desparasitación.', '2019-03-09', '01:02:00', '08:50:00'),
(126, 126, 'Prueba de funcionamiento de sistemas de emergencia.', '2024-04-22', '02:17:00', '09:10:00'),
(127, 127, 'Evaluación de condición de glándulas anales.', '2018-10-15', '03:32:00', '10:25:00'),
(128, 128, 'Registro de patrones de acicalamiento.', '2023-01-28', '04:47:00', '11:40:00'),
(129, 129, 'Implementación de protocolo de ejercicio físico.', '2017-02-08', '08:22:00', '12:00:00'),
(130, 130, 'Monitoreo de respuesta a terapia conductual.', '2021-09-21', '09:37:00', '01:20:00'),
(131, 131, 'Evaluación de condición de mucosa oral.', '2016-10-04', '10:52:00', '02:35:00'),
(132, 132, 'Actualización de registros de microchip.', '2022-03-17', '11:07:00', '03:50:00'),
(133, 133, 'Prueba de sistemas de sujeción segura.', '2020-12-10', '12:22:00', '04:05:00'),
(134, 134, 'Registro de patrones de defecación.', '2019-06-23', '01:37:00', '08:30:00'),
(135, 135, 'Implementación de protocolo de estimulación mental.', '2024-08-05', '02:52:00', '09:45:00'),
(136, 136, 'Monitoreo de respuesta a feromonas sintéticas.', '2018-01-18', '03:07:00', '10:00:00'),
(137, 137, 'Evaluación de condición de pelaje o plumaje.', '2023-05-31', '04:22:00', '11:15:00'),
(138, 138, 'Actualización de protocolos de contención.', '2017-08-12', '08:42:00', '12:30:00'),
(139, 139, 'Prueba de equipos de inmovilización.', '2021-04-25', '09:57:00', '01:45:00'),
(140, 140, 'Registro de patrones de marcaje territorial.', '2016-02-07', '10:12:00', '02:00:00'),
(141, 141, 'Implementación de programa de desensibilización.', '2022-09-20', '11:27:00', '03:25:00'),
(142, 142, 'Monitoreo de respuesta a enriquecimientos olfativos.', '2020-05-13', '12:42:00', '04:40:00'),
(143, 143, 'Evaluación de condición de articulaciones.', '2019-12-26', '01:57:00', '08:12:00'),
(144, 144, 'Actualización de registros de identificación fotográfica.', '2024-09-08', '02:12:00', '09:27:00'),
(145, 145, 'Prueba de sistemas de alarma de hábitats.', '2018-04-01', '03:27:00', '10:42:00'),
(146, 146, 'Registro de patrones de consumo de agua.', '2023-08-14', '04:42:00', '11:57:00'),
(147, 147, 'Implementación de protocolo de adaptación.', '2017-05-27', '08:07:00', '12:17:00'),
(148, 148, 'Monitoreo de respuesta a música ambiental.', '2021-07-10', '09:12:00', '01:32:00'),
(149, 149, 'Evaluación de condición de uñas o garras.', '2016-01-23', '10:27:00', '12:30:00'),
(150, 150, 'Actualización de protocolos de evacuación.', '2022-06-16', '11:42:00', '01:45:00');

-- --------------------------------------------------------

--
-- Estructura de tabla para la tabla `tcuidador`
--

CREATE TABLE `tcuidador` (
  `id_cuidador` int(11) NOT NULL,
  `nom_cuidador` varchar(20) DEFAULT NULL,
  `apellido_cuidador` varchar(20) DEFAULT NULL,
  `direccion_cuidador` varchar(30) DEFAULT NULL,
  `foto` blob DEFAULT NULL,
  `fecha_nacimiento_cuidador` date DEFAULT NULL,
  `edad_cuidador` int(2) DEFAULT NULL,
  `genero_cuidador` varchar(1) DEFAULT NULL,
  `telefono_cuidador` int(10) DEFAULT NULL,
  `email_cuidador` varchar(30) DEFAULT NULL,
  `tiempo_expericencia` int(11) DEFAULT NULL
) ENGINE=InnoDB DEFAULT CHARSET=utf8mb4 COLLATE=utf8mb4_general_ci;

--
-- Volcado de datos para la tabla `tcuidador`
--

INSERT INTO `tcuidador` (`id_cuidador`, `nom_cuidador`, `apellido_cuidador`, `direccion_cuidador`, `foto`, `fecha_nacimiento_cuidador`, `edad_cuidador`, `genero_cuidador`, `telefono_cuidador`, `email_cuidador`, `tiempo_expericencia`) VALUES
(1, 'Liam', 'Martínez', 'Carrera 8 #12-34', '', '1985-03-14', 39, 'M', 310, 'liam.martinez@bioparque.com', 4),
(2, 'Emma', 'Johnson', 'Calle 19 #5-23', '', '1990-07-22', 34, 'F', 320, 'emma.johnson@bioparque.com', 5),
(3, 'Noah', 'Smith', 'Avenida Circunvalar #45-67', '', '1982-11-05', 41, 'M', 311, 'noah.smith@bioparque.com', 6),
(4, 'Olivia', 'García', 'Carrera 11 #23-45', '', '1978-09-30', 45, 'F', 315, 'olivia.garcia@bioparque.com', 7),
(5, 'Mateo', 'Rodríguez', 'Calle 30 #7-89', '', '1987-04-15', 37, 'M', 300, 'mateo.rodriguez@bioparque.com', 8),
(6, 'Sophia', 'López', 'Carrera 6 #34-56', '', '1993-12-18', 30, 'F', 321, 'sophia.lopez@bioparque.com', 9),
(7, 'Sebastián', 'Hernández', 'Avenida 30 de Agosto #12-34', '', '1980-05-27', 44, 'M', 312, 'sebastian.hernandez@bioparque.', 10),
(8, 'Isabella', 'González', 'Carrera 15 #9-87', '', '1975-08-09', 48, 'F', 317, 'isabella.gonzalez@bioparque.co', 11),
(9, 'Benjamín', 'Pérez', 'Calle 25 #11-23', '', '1989-01-31', 35, 'M', 318, 'benjamin.perez@bioparque.com', 12),
(10, 'Mía', 'Ramírez', 'Carrera 13 #45-67', '', '1995-06-12', 29, 'F', 301, 'mia.ramirez@bioparque.com', 13),
(11, 'Elías', 'Flores', 'Transversal 23 #56-78', '', '1983-10-24', 40, 'M', 302, 'elias.flores@bioparque.com', 14),
(12, 'Valentina', 'Ruiz', 'Carrera 9 #21-43', '', '1979-02-17', 45, 'F', 304, 'valentina.ruiz@bioparque.com', 15),
(13, 'Daniel', 'Díaz', 'Calle 17 #8-65', '', '1991-07-03', 33, 'M', 305, 'daniel.diaz@bioparque.com', 16),
(14, 'Camila', 'Morales', 'Avenida Sur #32-10', '', '1986-11-28', 37, 'F', 314, 'camila.morales@bioparque.com', 17),
(15, 'Adrián', 'Álvarez', 'Carrera 14 #19-76', '', '1977-04-20', 47, 'M', 323, 'adrian.alvarez@bioparque.com', 18),
(16, 'Lucía', 'Ortega', 'Calle 22 #14-32', '', '1984-08-11', 39, 'F', 319, 'lucia.ortega@bioparque.com', 19),
(17, 'Julián', 'Reyes', 'Diagonal 25 #43-21', '', '1992-01-25', 32, 'M', 313, 'julian.reyes@bioparque.com', 20),
(18, 'Ximena', 'Mendoza', 'Carrera 10 #27-89', '', '1981-09-14', 42, 'F', 322, 'ximena.mendoza@bioparque.com', 21),
(19, 'Maximiliano', 'Silva', 'Calle 33 #6-54', '', '1976-12-07', 47, 'M', 324, 'maximiliano.silva@bioparque.co', 22),
(20, 'Valeria', 'Vargas', 'Avenida Las Américas #18-65', '', '1988-03-19', 36, 'F', 316, 'valeria.vargas@bioparque.com', 23),
(21, 'Diego', 'Rojas', 'Carrera 7 #31-98', '', '1994-05-08', 30, 'M', 330, 'diego.rojas@bioparque.com', 24),
(22, 'Mariana', 'Herrera', 'Calle 21 #9-76', '', '1985-10-31', 38, 'F', 331, 'mariana.herrera@bioparque.com', 25),
(23, 'Samuel', 'Torres', 'Transversal 19 #54-32', '', '1974-07-22', 50, 'M', 333, 'samuel.torres@bioparque.com', 4),
(24, 'Renata', 'Núñez', 'Carrera 12 #26-43', '', '1990-02-14', 34, 'F', 335, 'renata.nunez@bioparque.com', 5),
(25, 'Emilio', 'Jiménez', 'Calle 24 #13-65', '', '1983-06-27', 41, 'M', 336, 'emilio.jimenez@bioparque.com', 6),
(26, 'Antonella', 'Medina', 'Avenida del Río #47-89', '', '1978-11-09', 45, 'F', 338, 'antonella.medina@bioparque.com', 7),
(27, 'Joaquín', 'Guzmán', 'Carrera 5 #29-71', '', '1987-08-03', 36, 'M', 339, 'joaquin.guzman@bioparque.com', 8),
(28, 'Catalina', 'Cortés', 'Calle 28 #4-32', '', '1993-04-16', 31, 'F', 340, 'catalina.cortes@bioparque.com', 9),
(29, 'Thiago', 'Suárez', 'Diagonal 30 #67-89', '', '1980-01-29', 44, 'M', 341, 'thiago.suarez@bioparque.com', 10),
(30, 'Paulina', 'Peña', 'Carrera 16 #22-53', '', '1975-10-12', 48, 'F', 343, 'paulina.pena@bioparque.com', 11),
(31, 'Matías', 'Vega', 'Calle 20 #15-47', '', '1989-12-25', 35, 'M', 344, 'matias.vega@bioparque.com', 12),
(32, 'Fernanda', 'Delgado', 'Avenida del Café #33-76', '', '1995-09-07', 28, 'F', 346, 'fernanda.delgado@bioparque.com', 13),
(33, 'Dylan', 'Cárdenas', 'Carrera 18 #24-65', '', '1982-03-18', 42, 'M', 347, 'dylan.cardenas@bioparque.com', 14),
(34, 'Abril', 'Romero', 'Calle 26 #10-87', '', '1979-07-01', 45, 'F', 348, 'abril.romero@bioparque.com', 15),
(35, 'Ian', 'Sandoval', 'Transversal 21 #43-56', '', '1991-11-14', 32, 'M', 349, 'ian.sandoval@bioparque.com', 16),
(36, 'Regina', 'Fuentes', 'Carrera 4 #28-91', '', '1986-05-27', 38, 'F', 350, 'regina.fuentes@bioparque.com', 17),
(37, 'Axel', 'Ospina', 'Calle 23 #17-54', '', '1977-08-20', 46, 'M', 351, 'axel.ospina@bioparque.com', 18),
(38, 'Jimena', 'Mejía', 'Avenida Los Colores #39-82', '', '1984-02-11', 40, 'F', 352, 'jimena.mejia@bioparque.com', 19),
(39, 'Leonardo', 'Valencia', 'Carrera 20 #25-63', '', '1992-10-04', 31, 'M', 353, 'leonardo.valencia@bioparque.co', 20),
(40, 'Ana Sofía', 'Franco', 'Calle 29 #8-76', '', '1981-04-17', 43, 'F', 354, 'anasofia.franco@bioparque.com', 21),
(41, 'Jerónimo', 'Molina', 'Diagonal 22 #51-43', '', '1976-09-30', 47, 'M', 355, 'jeronimo.molina@bioparque.com', 22),
(42, 'María José', 'Parra', 'Carrera 3 #30-72', '', '1988-12-13', 35, 'F', 356, 'mariajose.parra@bioparque.com', 23),
(43, 'Bruno', 'Cifuentes', 'Calle 18 #12-89', '', '1994-07-26', 30, 'M', 357, 'bruno.cifuentes@bioparque.com', 24),
(44, 'Julieta', 'Beltrán', 'Avenida Santander #44-97', '', '1985-01-08', 39, 'F', 358, 'julieta.beltran@bioparque.com', 25),
(45, 'Christian', 'Acosta', 'Carrera 17 #31-54', '', '1974-04-21', 50, 'M', 359, 'christian.acosta@bioparque.com', 4),
(46, 'Danna', 'Cabrera', 'Calle 27 #5-43', '', '1990-09-03', 33, 'F', 360, 'danna.cabrera@bioparque.com', 5),
(47, 'Felipe', 'Pacheco', 'Transversal 24 #52-31', '', '1983-12-16', 40, 'M', 361, 'felipe.pacheco@bioparque.com', 6),
(48, 'Saraí', 'Santana', 'Carrera 2 #32-65', '', '1978-05-29', 45, 'F', 362, 'sarai.santana@bioparque.com', 7),
(49, 'Alan', 'Quiñones', 'Calle 16 #11-98', '', '1987-02-10', 37, 'M', 363, 'alan.quinones@bioparque.com', 8),
(50, 'Marina', 'Arias', 'Avenida del Ferrocarril #38-71', '', '1993-08-23', 31, 'F', 365, 'marina.arias@bioparque.com', 9),
(51, 'Erick', 'Osorio', 'Carrera 19 #33-56', '', '1980-07-06', 44, 'M', 366, 'erick.osorio@bioparque.com', 10),
(52, 'Adrián', 'Restrepo', 'Calle 31 #7-65', '', '1975-11-19', 48, 'M', 367, 'adrian.restrepo@bioparque.com', 11),
(53, 'Daniela', 'Zuluaga', 'Diagonal 27 #49-32', '', '1989-04-02', 35, 'F', 368, 'daniela.zuluaga@bioparque.com', 12),
(54, 'André', 'Giraldo', 'Carrera 1 #34-87', '', '1995-01-15', 29, 'M', 369, 'andre.giraldo@bioparque.com', 13),
(55, 'Alejandra', 'Ochoa', 'Calle 15 #14-76', '', '1982-08-28', 42, 'F', 370, 'alejandra.ochoa@bioparque.com', 14),
(56, 'David', 'Londoño', 'Avenida Los Fundadores #42-93', '', '1979-03-11', 45, 'M', 371, 'david.londono@bioparque.com', 15),
(57, 'Laura', 'Vásquez', 'Carrera 21 #35-62', '', '1991-10-24', 32, 'F', 372, 'laura.vasquez@bioparque.com', 16),
(58, 'Juan Pablo', 'Montoya', 'Calle 32 #9-54', '', '1986-06-07', 38, 'M', 373, 'juanpablo.montoya@bioparque.co', 17),
(59, 'Natalia', 'Agudelo', 'Transversal 26 #53-24', '', '1977-01-30', 46, 'F', 374, 'natalia.agudelo@bioparque.com', 18),
(60, 'Fabián', 'Alarcón', 'Carrera 22 #36-73', '', '1984-09-12', 40, 'M', 375, 'fabian.alarcon@bioparque.com', 19),
(61, 'Gabriela', 'Figueroa', 'Calle 14 #13-87', '', '1992-04-25', 32, 'F', 376, 'gabriela.figueroa@bioparque.co', 20),
(62, 'Ricardo', 'Barrios', 'Avenida Simón Bolívar #41-85', '', '1981-12-08', 47, 'M', 377, 'ricardo.barrios@bioparque.com', 21),
(63, 'Raquel', 'Trujillo', 'Carrera 23 #37-64', '', '1976-05-21', 35, 'F', 378, 'raquel.trujillo@bioparque.com', 22),
(64, 'Gustavo', 'Arango', 'Calle 13 #16-95', '', '1988-10-14', 30, 'M', 379, 'gustavo.arango@bioparque.com', 23),
(65, 'Silvia', 'Bejarano', 'Diagonal 28 #48-35', '', '1994-03-27', 39, 'F', 380, 'silvia.bejarano@bioparque.com', 24),
(66, 'Óscar', 'Zapata', 'Carrera 24 #38-75', '', '1985-07-10', 50, 'M', 381, 'oscar.zapata@bioparque.com', 25),
(67, 'Carolina', 'Cardona', 'Calle 12 #18-83', '', '1974-02-23', 34, 'F', 382, 'carolina.cardona@bioparque.com', 4),
(68, 'Federico', 'Uribe', 'Avenida Colombia #47-92', '', '1990-11-06', 41, 'M', 383, 'federico.uribe@bioparque.com', 5),
(69, 'Lucero', 'Andrés', 'Carrera 25 #39-86', '', '1983-04-19', 45, 'F', 384, 'lucero.andres@bioparque.com', 6),
(70, 'René', 'Ríos', 'Calle 11 #20-91', '', '1978-10-02', 37, 'M', 385, 'rene.rios@bioparque.com', 7),
(71, 'Estefanía', 'Arboleda', 'Transversal 29 #57-46', '', '1987-01-15', 31, 'F', 386, 'estefania.arboleda@bioparque.c', 8),
(72, 'Hugo', 'Milena', 'Carrera 26 #40-97', '', '1993-05-28', 44, 'M', 387, 'hugo.milena@bioparque.com', 9),
(73, 'Iván', 'Murillo', 'Calle 10 #22-99', '', '1980-12-11', 48, 'M', 388, 'ivan.murillo@bioparque.com', 10),
(74, 'Dulce', 'Calvo', 'Avenida 19 de Abril #46-81', '', '1975-06-24', 35, 'F', 389, 'dulce.calvo@bioparque.com', 11),
(75, 'Eduardo', 'Grisales', 'Carrera 27 #41-08', '', '1989-09-07', 29, 'M', 390, 'eduardo.grisales@bioparque.com', 12),
(76, 'Nicolás', 'Zapata', 'Calle 9 #24-07', '', '1995-02-20', 42, 'M', 391, 'nicolas.zapata@bioparque.com', 13),
(77, 'Rocío', 'Uribe', 'Diagonal 31 #59-38', '', '1982-05-03', 45, 'F', 392, 'rocio.uribe@bioparque.com', 14),
(78, 'Mauricio', 'Serna', 'Carrera 28 #42-19', '', '1979-12-16', 32, 'M', 393, 'mauricio.serna@bioparque.com', 15),
(79, 'Patricia', 'Belalcázar', 'Calle 8 #26-15', '', '1991-03-29', 38, 'F', 394, 'patricia.belalcazar@bioparque.', 16),
(80, 'Alberto', 'Zuleta', 'Avenida de las Palmas #49-74', '', '1986-08-12', 46, 'M', 395, 'alberto.zuleta@bioparque.com', 17),
(81, 'Inés', 'Guzmán', 'Carrera 29 #43-20', '', '1977-11-25', 40, 'F', 396, 'ines.guzman@bioparque.com', 18),
(82, 'Rafael', 'Ramírez', 'Calle 7 #28-23', '', '1984-04-08', 31, 'M', 397, 'rafael.ramirez@bioparque.com', 19),
(83, 'Carmen', 'Gómez', 'Transversal 32 #58-27', '', '1992-09-21', 47, 'F', 398, 'carmen.gomez@bioparque.com', 20),
(84, 'Simón', 'Mebarak', 'Carrera 30 #44-31', '', '1981-02-14', 35, 'M', 399, 'simon.mebarak@bioparque.com', 21),
(85, 'Aurelio', 'Lu', 'Calle 6 #30-31', '', '1976-07-27', 30, 'M', 301, 'aurelio.lu@bioparque.com', 22),
(86, 'Rocío', 'Rodríguez', 'Avenida Los Samanes #50-63', '', '1988-11-10', 39, 'F', 302, 'rocio.rodriguez@bioparque.com', 23),
(87, 'Ernesto', 'Gómez', 'Carrera 31 #45-42', '', '1994-06-23', 50, 'M', 303, 'ernesto.gomez@bioparque.com', 24),
(88, 'Tomás', 'Ramírez', 'Calle 5 #32-39', '', '1985-09-16', 33, 'M', 304, 'tomas.ramirez@bioparque.com', 25),
(89, 'Elisa', 'Zuleta', 'Diagonal 33 #60-29', '', '1974-01-29', 40, 'F', 305, 'elisa.zuleta@bioparque.com', 4),
(90, 'Néstor', 'Márquez', 'Carrera 32 #46-53', '', '1990-04-12', 45, 'M', 306, 'nestor.marquez@bioparque.com', 5),
(91, 'Lorena', 'Palacios', 'Calle 4 #34-47', '', '1983-07-25', 36, 'F', 307, 'lorena.palacios@bioparque.com', 6),
(92, 'Gregorio', 'Lombana', 'Avenida Los Guaduales #51-52', '', '1978-12-18', 31, 'M', 308, 'gregorio.lombana@bioparque.com', 7),
(93, 'Beatriz', 'Rincón', 'Carrera 33 #47-64', '', '1987-05-01', 44, 'F', 309, 'beatriz.rincon@bioparque.com', 8),
(94, 'César', 'Quintana', 'Calle 3 #36-55', '', '1993-10-14', 48, 'M', 310, 'cesar.quintana@bioparque.com', 9),
(95, 'Anabel', 'Peralta', 'Transversal 34 #61-30', '', '1980-03-27', 35, 'F', 311, 'anabel.peralta@bioparque.com', 10),
(96, 'Osvaldo', 'Mendoza', 'Carrera 34 #48-75', '', '1975-08-10', 29, 'M', 312, 'osvaldo.mendoza@bioparque.com', 11),
(97, 'Esperanza', 'Cepeda', 'Calle 2 #38-63', '', '1989-11-23', 42, 'F', 313, 'esperanza.cepeda@bioparque.com', 12),
(98, 'Feliciano', 'Barragán', 'Avenida Los Mangos #52-41', '', '1995-04-06', 45, 'M', 314, 'feliciano.barragan@bioparque.c', 13),
(99, 'Dorotea', 'Llanos', 'Carrera 35 #49-86', '', '1982-09-19', 32, 'F', 315, 'dorotea.llanos@bioparque.com', 14),
(100, 'Honorio', 'Pizarro', 'Calle 1 #40-71', '', '1979-06-02', 38, 'M', 316, 'honorio.pizarro@bioparque.com', 15),
(101, 'Gisela', 'Murcia', 'Diagonal 35 #62-31', '', '1991-01-15', 46, 'F', 317, 'gisela.murcia@bioparque.com', 16),
(102, 'Herminio', 'Cordero', 'Carrera 36 #50-97', '', '1986-10-28', 40, 'M', 318, 'herminio.cordero@bioparque.com', 17),
(103, 'Serafín', 'Arismendi', 'Carrera 12 #23-45', '', '1977-07-11', 32, 'F', 319, 'serafin.arismendi@bioparque.co', 18),
(104, 'Eulalia', 'Contreras', 'Calle 19 #8-32', '', '1984-12-24', 47, 'F', 320, 'eulalia.contreras@bioparque.co', 19),
(105, 'Teodoro', 'Marin', 'Avenida Circunvalar #45-67', '', '1992-03-07', 35, 'M', 321, 'teodoro.marin@bioparque.com', 20),
(106, 'Valentina', 'Rojas', 'Transversal 23 #56-12', '', '1981-08-20', 30, 'F', 322, 'valentina.rojas@bioparque.com', 21),
(107, 'Santiago', 'Mendez', 'Diagonal 25 #34-89', '', '1976-04-03', 39, 'M', 323, 'santiago.mendez@bioparque.com', 22),
(108, 'Isabella', 'Gutierrez', 'Carrera 8 #15-30', '', '1988-09-16', 50, 'F', 324, 'isabella.gutierrez@bioparque.c', 23),
(109, 'Sebastián', 'Cordero', 'Calle 40 #10-25', '', '1994-02-27', 34, 'M', 325, 'sebastián.cordero@bioparque.co', 24),
(110, 'Mariana', 'Velez', 'Avenida 30 de Agosto #22-17', '', '1985-06-10', 41, 'F', 326, 'mariana.velez@bioparque.com', 25),
(111, 'Julián', 'Bejarano', 'Calle 16 #11-98', '', '1993-08-23', 31, 'M', 354, 'julian.bejarano@bioparque.com', 4),
(112, 'Paula', 'Zapata', 'Avenida del Ferrocarril #38-71', '', '1980-07-06', 44, 'F', 355, 'paulan.zapata@bioparque.com', 5),
(113, 'Mateo', 'Cardona', 'Carrera 19 #33-56', '', '1975-11-19', 48, 'M', 356, 'matean.cardona@bioparque.com', 6),
(114, 'Daniela', 'Uribe', 'Calle 31 #7-65', '', '1989-04-02', 35, 'F', 357, 'danian.uribe@bioparque.com', 7),
(115, 'Sebastián', 'Andrés', 'Diagonal 27 #49-32', '', '1995-01-15', 29, 'M', 358, 'sebaan.andrés@bioparque.com', 8),
(116, 'Mariana', 'Ríos', 'Carrera 1 #34-87', '', '1982-08-28', 42, 'F', 359, 'marian.ríos@bioparque.com', 9),
(117, 'Tomás', 'Arboleda', 'Calle 15 #14-76', '', '1979-03-11', 45, 'M', 360, 'tomáan.arboleda@bioparque.com', 10),
(118, 'Gabriela', 'Milena', 'Avenida Los Fundadores #42-93', '', '1991-10-24', 32, 'F', 361, 'gabran.milena@bioparque.com', 11),
(119, 'Nicolás', 'Murillo', 'Carrera 21 #35-62', '', '1986-06-07', 38, 'M', 362, 'nicoan.murillo@bioparque.com', 12),
(120, 'Luisa', 'Calvo', 'Calle 32 #9-54', '', '1977-01-30', 46, 'F', 363, 'luisan.calvo@bioparque.com', 13),
(121, 'Esteban', 'Grisales', 'Transversal 26 #53-24', '', '1984-09-12', 40, 'M', 365, 'estean.grisales@bioparque.com', 14),
(122, 'Juliana', 'Zapata', 'Carrera 22 #36-73', '', '1992-04-25', 32, 'F', 366, 'julian.zapata@bioparque.com', 15),
(123, 'Emilio', 'Uribe', 'Calle 14 #13-87', '', '1981-12-08', 47, 'M', 367, 'emilan.uribe@bioparque.com', 16),
(124, 'Mónica', 'Serna', 'Avenida Simón Bolívar #41-85', '', '1976-05-21', 35, 'F', 368, 'mónian.serna@bioparque.com', 17),
(125, 'Iván', 'Belalcázar', 'Carrera 23 #37-64', '', '1988-10-14', 30, 'M', 369, 'ivánan.belalcázar@bioparque.co', 18),
(126, 'Natalia', 'Zuleta', 'Calle 13 #16-95', '', '1994-03-27', 39, 'F', 370, 'nataan.zuleta@bioparque.com', 19),
(127, 'Jorge', 'Guzmán', 'Diagonal 28 #48-35', '', '1985-07-10', 50, 'M', 371, 'jorgan.guzmán@bioparque.com', 20),
(128, 'Diana', 'Ramírez', 'Carrera 24 #38-75', '', '1974-02-23', 34, 'F', 372, 'dianan.ramírez@bioparque.com', 21),
(129, 'Cristian', 'Gómez', 'Calle 12 #18-83', '', '1990-11-06', 41, 'M', 373, 'crisan.gómez@bioparque.com', 22),
(130, 'Melisa', 'Mebarak', 'Avenida Colombia #47-92', '', '1983-04-19', 45, 'F', 374, 'melian.mebarak@bioparque.com', 23),
(131, 'Álvaro', 'Herrera', 'Carrera 25 #39-86', '', '1978-10-02', 37, 'M', 375, 'álvaan.herrera@bioparque.com', 24),
(132, 'Viviana', 'Silva', 'Calle 11 #20-91', '', '1987-01-15', 31, 'F', 376, 'vivian.silva@bioparque.com', 25),
(133, 'Kevin', 'Rojas', 'Transversal 29 #57-46', '', '1993-05-28', 44, 'M', 377, 'kevian.rojas@bioparque.com', 4),
(134, 'Stephanie', 'Vargas', 'Carrera 26 #40-97', '', '1980-12-11', 48, 'F', 378, 'stepan.vargas@bioparque.com', 5),
(135, 'Brayan', 'Diaz', 'Calle 10 #22-99', '', '1975-06-24', 35, 'M', 379, 'brayan.diaz@bioparque.com', 6),
(136, 'Angie', 'Perez', 'Avenida 19 de Abril #46-81', '', '1989-09-07', 29, 'F', 380, 'angian.perez@bioparque.com', 7),
(137, 'Leonardo', 'Sanchez', 'Carrera 27 #41-08', '', '1995-02-20', 42, 'M', 381, 'leonan.sanchez@bioparque.com', 8),
(138, 'Karol', 'Medina', 'Calle 9 #24-07', '', '1982-05-03', 45, 'F', 382, 'karoan.medina@bioparque.com', 9),
(139, 'Mauricio', 'Rojas', 'Diagonal 31 #59-38', '', '1979-12-16', 32, 'M', 383, 'mauran.rojas@bioparque.com', 10),
(140, 'Dayana', 'Morales', 'Carrera 28 #42-19', '', '1991-03-29', 38, 'F', 384, 'dayaan.morales@bioparque.com', 11),
(141, 'Ricardo', 'Castro', 'Calle 8 #26-15', '', '1986-08-12', 46, 'M', 385, 'ricaan.castro@bioparque.com', 12),
(142, 'Daniela', 'Gomez', 'Avenida de las Palmas #49-74', '', '1977-11-25', 40, 'F', 386, 'danian.gomez@bioparque.com', 13),
(143, 'Camilo', 'Restrepo', 'Carrera 29 #43-20', '', '1984-04-08', 31, 'M', 387, 'camian.restrepo@bioparque.com', 14),
(144, 'Valery', 'Ramirez', 'Calle 7 #28-23', '', '1992-09-21', 47, 'F', 388, 'valean.ramirez@bioparque.com', 15),
(145, 'Andrés', 'Perez', 'Transversal 32 #58-27', '', '1981-02-14', 35, 'M', 389, 'andran.perez@bioparque.com', 16),
(146, 'Lorena', 'Torres', 'Carrera 30 #44-31', '', '1976-07-27', 30, 'F', 390, 'lorean.torres@bioparque.com', 17),
(147, 'Elkin', 'Herrera', 'Calle 6 #30-31', '', '1988-11-10', 39, 'M', 391, 'elkian.herrera@bioparque.com', 18),
(148, 'Juliana', 'Lopez', 'Avenida Los Samanes #50-63', '', '1994-06-23', 50, 'F', 392, 'julian.lopez@bioparque.com', 19),
(149, 'Luis', 'Diaz', 'Carrera 31 #45-42', '', '1985-09-16', 33, 'M', 393, 'luisan.diaz@bioparque.com', 20),
(150, 'Johana', 'Soto', 'Calle 5 #32-39', '', '1974-01-29', 40, 'F', 394, 'johaan.soto@bioparque.com', 21);

-- --------------------------------------------------------

--
-- Estructura de tabla para la tabla `tdetallehistoriaclinica`
--

CREATE TABLE `tdetallehistoriaclinica` (
  `id_detalle_historia` int(11) NOT NULL,
  `descripcion_detalle` varchar(300) DEFAULT NULL,
  `fecha_detalle_historia` date DEFAULT NULL,
  `id_historia_clinica` int(11) DEFAULT NULL
) ENGINE=InnoDB DEFAULT CHARSET=utf8mb4 COLLATE=utf8mb4_general_ci;

--
-- Volcado de datos para la tabla `tdetallehistoriaclinica`
--

INSERT INTO `tdetallehistoriaclinica` (`id_detalle_historia`, `descripcion_detalle`, `fecha_detalle_historia`, `id_historia_clinica`) VALUES
(1, 'Vacuna antirrábica aplicada', '2023-10-22', 1),
(2, 'Control de peso: 4.2 kg', '2023-10-23', 2),
(3, 'Desparasitación interna', '2023-10-24', 3),
(4, 'Revisión post-quirúrgica (castración)', '2023-10-25', 4),
(5, 'Alergia cutánea detectada, iniciado tratamiento', '2023-10-26', 5),
(6, 'Limpieza dental realizada', '2023-10-27', 6),
(7, 'Vacuna polivalente (V5) aplicada', '2023-10-28', 7),
(8, 'Herida por mordedura curada', '2023-10-29', 8),
(9, 'Control de diabetes: niveles regulare', '2023-10-30', 9),
(10, 'Extracción de cuerpo extraño en oído', '2023-10-31', 10),
(11, 'Sospecha de piómetra, ecografía realizada', '2023-11-01', 11),
(12, 'Tratamiento para otitis externa', '2023-11-02', 12),
(13, 'Control post-quirúrgico (extracción dental)', '2023-11-03', 13),
(14, 'Vacuna contra la leucemia felina', '2023-11-04', 14),
(15, 'Diagnóstico de artritis, iniciado suplementos', '2023-11-05', 15),
(16, 'Revisión de chip identificador', '2023-11-06', 16),
(17, 'Control de tiña, cultivo negativo', '2023-11-07', 17),
(18, 'Extracción de garrapatas', '2023-11-08', 18),
(19, 'Ecografía abdominal: hallazgos normales', '2023-11-09', 19),
(20, 'Tratamiento para conjuntivitis', '2023-11-10', 20),
(21, 'Control geriátrico completo', '2023-11-11', 21),
(22, 'Extracción de muestra para biopsia cutánea', '2023-11-12', 22),
(23, 'Aplicación de fluido subcutáneo por deshidratación', '2023-11-13', 23),
(24, 'Control de peso: 6.8 kg (obesidad, iniciado plan dietético)', '2023-11-14', 24),
(25, 'Revisión de sutura por herida traumática', '2023-11-15', 25),
(26, 'Vacuna antirrábica refuerzo', '2023-11-16', 26),
(27, 'Diagnóstico de displasia de cadera moderada', '2023-11-17', 27),
(28, 'Control post-quirúrgico (extracción de tumor mamario)', '2023-11-18', 28),
(29, 'Tratamiento para gastroenteritis aguda', '2023-11-19', 29),
(30, 'Aplicación de antiparasitario externo', '2023-11-20', 30),
(31, 'Eutanasia humanitaria por fallo orgánico múltiple', '2023-11-21', 31),
(32, 'Vacuna polivalente', '2023-11-22', 32),
(33, ' Herida por pelea curada', '2023-11-23', 33),
(34, 'Control de diabetes', '2023-11-24', 34),
(35, 'Cuerpo extraño en oído ', '2023-11-25', 35),
(36, 'Ecografía abdomina', '2023-11-26', 36),
(37, 'Tratamiento para otitis', '2023-11-27', 37),
(38, 'Extracción dental', '2023-11-28', 38),
(39, 'Vacuna Leucemia Felina', '2023-11-29', 39),
(40, 'Diagnóstico de artritis', '2023-11-30', 40),
(42, ' Cultivo para hongos', '2023-12-02', 42),
(43, 'Control de peso', '2023-12-03', 43),
(44, 'Radiografía de cadera', '2023-12-04', 44),
(45, 'Tratamiento conjuntivitis', '2023-12-05', 45),
(46, ' Urgencia: vómitos', '2023-12-06', 46),
(47, 'Corte de uñas', '2023-12-07', 47),
(48, 'Vacuna parvovirus', '2023-12-08', 48),
(49, 'Análisis de heces', '2023-12-09', 49),
(50, 'Sutura de herida', '2023-12-10', 50),
(51, 'Control post-quirúrgico', '2023-12-11', 51),
(52, 'Desparasitación externa', '2023-12-12', 52),
(53, 'Ecocardiograma', '2023-12-13', 53),
(54, 'Extracción de tumor', '2023-12-14', 54),
(55, 'Control de hipertensión ', '2023-12-15', 55),
(56, ' Tratamiento dermatitis', '2023-12-16', 56),
(57, 'Control de embarazo', '2023-12-17', 57),
(58, 'Extracción de espiga', '2023-12-18', 58),
(59, 'Analítica sanguínea', '2023-12-19', 59),
(60, 'Revisión de prótesis', '2023-12-20', 60),
(61, 'Tratamiento de sarna ', '2023-12-21', 61),
(62, 'Control de epilepsia', '2023-12-22', 62),
(63, 'Limpieza de glándulas anales', '2023-12-23', 63),
(64, 'Urgencia: fractura', '2023-12-24', 64),
(65, 'Control de leishmania', '2023-12-25', 65),
(66, ' Vacuna triple felina', '2023-12-26', 66),
(67, 'Extracción de uña rota ', '2023-12-27', 67),
(68, 'Control de insuficiencia renal', '2023-12-28', 68),
(69, 'Revisión oftalmológica', '2023-12-29', 69),
(70, 'Ecografía de vejiga ', '2023-12-30', 70),
(71, 'Control de obesidad', '2023-12-31', 71),
(72, 'Vacuna leptospirosis', '2024-01-01', 72),
(73, 'Extracción de tumor cutáneo', '2024-01-02', 73),
(74, 'Control post-quirúrgico', '2024-01-03', 74),
(75, 'Tratamiento de diarrea ', '2024-01-04', 75),
(76, 'Revisión de vacunas', '2024-01-05', 76),
(77, 'Control de hipertiroidismo', '2024-01-06', 77),
(78, 'Urgencia: envenenamiento', '2024-01-07', 78),
(79, 'Desparasitación completa', '2024-01-08', 79),
(80, 'Control de displasia', '2024-01-09', 80),
(81, 'Extracción de espina', '2024-01-10', 81),
(82, 'Revisión cardiológica', '2024-01-11', 82),
(83, 'Extracción de quiste ', '2024-01-12', 83),
(84, 'Control de diabetes ', '2024-01-13', 84),
(85, 'Revisión post-trauma', '2024-01-14', 85),
(87, 'Revisión de sutura', '2024-01-16', 87),
(88, 'Vacuna leucemia felina', '2024-01-17', 88),
(89, 'Extracción de tumor mamario', '2024-01-18', 89),
(90, 'Control de epilepsia', '2024-01-19', 90),
(91, 'Tratamiento de cistitis', '2024-01-20', 91),
(92, 'Control post-quirúrgico', '2024-01-21', 92),
(93, 'Control de leishmania', '2024-01-22', 93),
(94, 'Control de insuficiencia renal', '2024-01-23', 94),
(95, 'Control de displasia', '2024-01-24', 95),
(96, ' Eutanasia humanitaria', '2024-01-25', 96),
(97, 'Biopsia de piel - linfoma cutáneo', '2024-01-26', 97),
(98, 'Extracción de colmillo fracturado', '2024-01-27', 98),
(99, 'Control de quimioterapia', '2024-01-28', 99),
(100, 'Implante de microchip', '2024-01-29', 100),
(101, 'Cirugía de catarata', '2024-01-30', 101),
(102, 'Rehabilitación post-ACL', '2024-01-31', 102),
(103, 'Control de embarazo ecográfico', '2024-02-01', 103),
(104, 'Extracción de tumor en cola', '2024-02-02', 104),
(105, 'Prueba de alergias ', '2024-02-03', 105),
(106, 'Sutura de herida por mordedura', '2024-02-04', 106),
(107, 'Tratamiento para maloclusión ', '2024-02-05', 107),
(108, 'Extracción de pólipo auricular', '2024-02-06', 108),
(109, 'Control de diabetes insípida', '2024-02-07', 109),
(110, ' Extracción de tumor en glándula anal', '2024-02-08', 110),
(111, 'Consulta por vómitos intermitentes desde hace dos días.  ', '2024-02-09', 111),
(112, 'Chequeo general anual sin hallazgos clínicos relevantes.  ', '2024-02-10', 112),
(113, 'Tratamiento postoperatorio de esterilización.  ', '2024-02-11', 113),
(114, 'Vacunación antirrábica aplicada sin complicaciones.  ', '2024-02-12', 114),
(115, 'Revisión por cojera en miembro posterior derecho.  ', '2024-02-13', 115),
(116, 'Otitis externa diagnosticada, se prescribe tratamiento tópico.  ', '2024-02-14', 116),
(117, 'Consulta por pérdida de apetito y letargo.  ', '2024-02-15', 117),
(118, 'Examen clínico prequirúrgico para limpieza dental.  ', '2024-02-16', 118),
(119, 'Herida superficial en flanco izquierdo, se desinfecta y sutura.  ', '2024-02-17', 119),
(120, 'Tratamiento antiparasitario interno y externo aplicado.  ', '2024-02-18', 120),
(121, 'Consulta por tos seca persistente, se solicita radiografía.  ', '2024-02-19', 121),
(122, 'Evaluación por picazón intensa en zona dorsal.  ', '2024-02-20', 122),
(123, 'Retiro de puntos postcirugía, sin signos de infección.  ', '2024-02-21', 123),
(124, 'Control de peso, se indica dieta baja en calorías.  ', '2024-02-22', 124),
(125, 'Dermatitis alérgica tratada con antihistamínico.  ', '2024-02-23', 125),
(126, 'Revisión por bulto en región abdominal, se programa ecografía.  ', '2024-02-24', 126),
(127, 'Control posvacunación, paciente sin reacción adversa.  ', '2024-02-25', 127),
(128, 'Extracción dental por fractura de premolar.  ', '2024-02-26', 128),
(129, 'Chequeo geriátrico, se detecta leve soplo cardíaco.  ', '2024-02-27', 129),
(130, 'Se realiza limpieza de oídos con solución específica.  ', '2024-02-28', 130),
(131, 'Evaluación por diarrea acuosa, se indica análisis coprológico.  ', '2024-02-29', 131),
(132, 'Corte de uñas y revisión general.  ', '2024-03-01', 132),
(133, 'Consulta por secreción ocular, se prescribe colirio antibiótico.  ', '2024-03-02', 133),
(134, 'Diagnóstico de sarna sarcóptica, tratamiento iniciado.  ', '2024-03-03', 134),
(135, 'Control post tratamiento para parásitos, sin signos visibles.  ', '2024-03-04', 135),
(136, 'Aplicación de microchip de identificación.  ', '2024-03-05', 136),
(137, 'Consulta por caída de pelo excesiva, se indica análisis dermatológico.  ', '2024-03-06', 137),
(138, 'Revisión tras accidente leve, sin fracturas.  ', '2024-03-07', 138),
(139, 'Consulta por temblores y desorientación, se indica análisis neurológico.  ', '2024-03-08', 139),
(140, 'Desparasitación mensual aplicada según peso.  ', '2024-03-09', 140),
(141, 'Evaluación de ganglios linfáticos por inflamación.  ', '2024-03-10', 141),
(142, 'Revisión por mordedura de otro animal, se administra antibiótico.  ', '2024-03-11', 142),
(143, 'Control posquirúrgico tras extracción de masa cutánea.  ', '2024-03-12', 143),
(144, 'Limpieza de glándulas anales.  ', '2024-03-13', 144),
(145, 'Aplicación de vacuna múltiple.  ', '2024-03-14', 145),
(146, 'Detección de pulgas, se inicia tratamiento antiparasitario.  ', '2024-03-15', 146),
(147, 'Consulta por mal aliento, se recomienda limpieza dental.  ', '2024-03-16', 147),
(148, 'Atención por golpe en tórax, se realiza evaluación radiológica.  ', '2024-03-17', 148),
(149, 'Revisión de puntos por cesárea reciente.  ', '2024-03-18', 149),
(150, 'Diagnóstico de otitis media, tratamiento con antibióticos sistémicos.  ', '2024-03-19', 150);

-- --------------------------------------------------------

--
-- Estructura de tabla para la tabla `tdiagnostico`
--

CREATE TABLE `tdiagnostico` (
  `id_diagnostico` int(11) NOT NULL,
  `fecha_diagnostico` date DEFAULT NULL,
  `descripcion_diagnostico` varchar(300) DEFAULT NULL,
  `id_enfermedad` int(11) DEFAULT NULL
) ENGINE=InnoDB DEFAULT CHARSET=utf8mb4 COLLATE=utf8mb4_general_ci;

--
-- Volcado de datos para la tabla `tdiagnostico`
--

INSERT INTO `tdiagnostico` (`id_diagnostico`, `fecha_diagnostico`, `descripcion_diagnostico`, `id_enfermedad`) VALUES
(1, '2023-10-22', 'Gastroenteritis aguda', 1),
(2, '2023-10-23', 'Otitis externa bilateral', 2),
(3, '2023-10-24', 'Dermatitis alérgica', 3),
(4, '2023-10-25', 'Fractura de fémur', 4),
(5, '2023-10-26', 'Conjuntivitis bacteriana', 5),
(6, '2023-10-27', 'Obesidad moderada', 6),
(7, '2023-10-28', 'Infección urinaria (ITU)', 7),
(8, '2023-10-29', 'Cuerpo extraño en estómago', 8),
(9, '2023-10-30', 'Artritis degenerativa', 9),
(10, '2023-10-31', 'Sarna demodécica', 10),
(11, '2023-11-01', 'Panleucopenia felina', 11),
(12, '2023-11-02', 'Tos de las perreras (Traqueobronquitis)', 12),
(13, '2023-11-03', 'Absceso subcutáneo', 13),
(14, '2023-11-04', 'Enfermedad periodontal', 14),
(15, '2023-11-05', 'Parvovirosis canina', 15),
(16, '2023-11-06', 'Hipertiroidismo felino', 16),
(17, '2023-11-07', 'Diabetes mellitus', 17),
(18, '2023-11-08', 'Catarata bilateral', 18),
(19, '2023-11-09', 'Luxación de rótula', 19),
(20, '2023-11-10', 'Anemia no regenerativa', 20),
(21, '2023-11-11', 'Cistitis idiopática felina', 21),
(22, '2023-11-12', 'Herida por mordedura', 22),
(23, '2023-11-13', 'Insuficiencia renal crónica', 23),
(24, '2023-11-14', 'Alopecia hormonal', 24),
(25, '2023-11-15', 'Gingivitis severa', 25),
(26, '2023-11-16', 'Corazón dilatado (Cardiomiopatía)', 26),
(27, '2023-11-17', 'Quemadura solar', 27),
(28, '2023-11-18', 'Hernia umbilical', 28),
(29, '2023-11-19', 'Leishmaniosis', 29),
(30, '2023-11-20', 'Linfoma intestinal', 30),
(31, '2023-11-21', 'Bronconeumonía', 31),
(32, '2023-11-22', 'Displasia de cadera', 32),
(33, '2023-11-23', 'Glaucoma unilateral', 33),
(34, '2023-11-24', 'Intoxicación por chocolate', 34),
(35, '2023-11-25', 'Problemas de conducta (ansiedad)', 35),
(36, '2023-11-26', 'Piómetra', 36),
(37, '2023-11-27', 'Ehrlichiosis', 37),
(38, '2023-11-28', 'Colapso traqueal', 38),
(39, '2023-11-29', 'Úlcera corneal', 39),
(40, '2023-11-30', 'Hipotiroidismo', 40),
(41, '2023-12-01', 'Cálculos vesicales', 41),
(42, '2023-12-02', 'Fiebre de origen desconocido', 42),
(43, '2023-12-03', 'Diarrea crónica', 43),
(44, '2023-12-04', 'Luxación de cadera', 44),
(45, '2023-12-05', 'Deficiencia de vitamina D', 45),
(46, '2023-12-06', 'Tumor mamario benigno', 46),
(47, '2023-12-07', 'Espondilosis deformante', 47),
(48, '2023-12-08', 'Parásitos intestinales (giardiasis)', 48),
(49, '2023-12-09', 'Secreción ocular mucopurulenta', 49),
(50, '2023-12-10', 'Síndrome de Cushing', 50),
(51, '2023-12-11', 'Fractura dental', 51),
(52, '2023-12-12', 'Hepatitis infecciosa canina', 52),
(53, '2023-12-13', 'Dermatofitosis (hongos)', 53),
(54, '2023-12-14', 'Estomatitis felina', 54),
(55, '2023-12-15', 'Neoplasia pulmonar', 55),
(56, '2023-12-16', 'Envenenamiento por rodenticida', 56),
(57, '2023-12-17', 'Quiste sebáceo', 57),
(58, '2023-12-18', 'Prostatitis bacteriana', 58),
(59, '2023-12-19', 'Ataxia por trauma', 59),
(60, '2023-12-20', 'Deficiencia de taurina (en gatos)', 60),
(61, '2023-12-21', 'Herpesvirus felino', 61),
(62, '2023-12-22', 'Obesidad mórbida', 62),
(63, '2023-12-23', 'Faringitis crónica', 63),
(64, '2023-12-24', 'Hematuria idiopática', 64),
(65, '2023-12-25', 'Soplos cardíacos', 65),
(66, '2023-12-26', 'Alergia alimentaria', 66),
(67, '2023-12-27', 'Fractura de costillas', 67),
(68, '2023-12-28', 'Conjuntivitis viral', 68),
(69, '2023-12-29', 'Sarna sarcóptica', 69),
(70, '2023-12-30', 'Hidrocefalia congénita', 70),
(71, '2023-12-31', 'Enfermedad de Lyme', 71),
(72, '2024-01-01', 'Úlcera gástrica', 72),
(73, '2024-01-02', 'Quemadura química', 73),
(74, '2024-01-03', 'Megacolon felino', 74),
(75, '2024-01-04', 'Anquilostomiasis', 75),
(76, '2024-01-05', 'Neumonía aspirativa', 76),
(77, '2024-01-06', 'Cuerpo extraño en esófago', 77),
(78, '2024-01-07', 'Hernia discal', 78),
(79, '2024-01-08', 'Icterus (ictericia)', 79),
(80, '2024-01-09', 'Tumor de bazo', 80),
(81, '2024-01-10', 'Deficiencia de calcio', 81),
(82, '2024-01-11', 'Otitis media', 82),
(83, '2024-01-12', 'Polidipsia psicogénica', 83),
(84, '2024-01-13', 'Fractura de cola', 84),
(85, '2024-01-14', 'Enfermedad inflamatoria intestinal (EII)', 85),
(86, '2024-01-15', 'Criptorquidia', 86),
(87, '2024-01-16', 'Anemia hemolítica', 87),
(88, '2024-01-17', 'Dermatitis por pulgas', 88),
(89, '2024-01-18', 'Insuficiencia hepática', 89),
(90, '2024-01-19', 'Pérdida de peso inexplicada', 90),
(91, '2024-01-20', 'Queratoconjuntivitis seca', 91),
(92, '2024-01-21', 'Trauma ocular', 92),
(93, '2024-01-22', 'Hipertensión sistémica', 93),
(94, '2024-01-23', 'Luxación de hombro', 94),
(95, '2024-01-24', 'Torsión gástrica (GDV)', 95),
(96, '2024-01-25', 'Síncope episódico', 96),
(97, '2024-01-26', 'Deficiencia de vitamina B12', 97),
(98, '2024-01-27', 'Neoplasia ósea', 98),
(99, '2024-01-28', 'Gingivoestomatitis crónica', 99),
(100, '2024-01-29', 'Hemorragia nasal (epistaxis)', 100),
(101, '2024-01-30', 'Enfermedad valvular degenerativa', 101),
(102, '2024-01-31', 'Fiebre por mordedura de gato', 102),
(103, '2024-02-01', 'Ascitis', 103),
(104, '2024-02-02', 'Parálisis por garrapata', 104),
(105, '2024-02-03', 'Cólico equino (simulado para mascota pequeña)', 105),
(106, '2024-02-04', 'Quemadura térmica', 106),
(107, '2024-02-05', 'Síndrome de Horner', 107),
(108, '2024-02-06', 'Neoplasia tiroidea', 108),
(109, '2024-02-07', 'Hifema (sangrado ocular)', 109),
(110, '2024-02-08', 'Encefalitis infecciosa', 110),
(111, '2024-02-09', 'Gastroenteritis aguda  ', 111),
(112, '2024-02-10', 'Otitis externa bacteriana  ', 112),
(113, '2024-02-11', 'Dermatitis alérgica  ', 113),
(114, '2024-02-12', 'Parvovirosis canina  ', 114),
(115, '2024-02-13', 'Mastitis en perra lactante  ', 115),
(116, '2024-02-14', 'Moquillo canino  ', 116),
(117, '2024-02-15', 'Insuficiencia renal crónica  ', 117),
(118, '2024-02-16', 'Conjuntivitis alérgica  ', 118),
(119, '2024-02-17', 'Obesidad grado I  ', 119),
(120, '2024-02-18', 'Sarna sarcóptica  ', 120),
(121, '2024-02-19', 'Sarna demodécica  ', 121),
(122, '2024-02-20', 'Neoplasia cutánea benigna  ', 122),
(123, '2024-02-21', 'Pancreatitis aguda  ', 123),
(124, '2024-02-22', 'Cistitis bacteriana  ', 124),
(125, '2024-02-23', 'Infección respiratoria alta  ', 125),
(126, '2024-02-24', 'Luxación patelar  ', 126),
(127, '2024-02-25', 'Fractura de fémur  ', 127),
(128, '2024-02-26', 'Leishmaniasis visceral  ', 128),
(129, '2024-02-27', 'Ehrlichiosis canina  ', 129),
(130, '2024-02-28', 'Hepatitis infecciosa  ', 130),
(131, '2024-02-29', 'Diabetes mellitus  ', 131),
(132, '2024-03-01', 'Traumatismo torácico leve  ', 132),
(133, '2024-03-02', 'Displasia de cadera  ', 133),
(134, '2024-03-03', 'Piometra cerrada  ', 134),
(135, '2024-03-04', 'Otitis media  ', 135),
(136, '2024-03-05', 'Cardiomiopatía dilatada  ', 136),
(137, '2024-03-06', 'Anemia por parásitos  ', 137),
(138, '2024-03-07', 'Problema dental severo  ', 138),
(139, '2024-03-08', 'Hipotiroidismo  ', 139),
(140, '2024-03-09', 'Hipoglucemia en cachorro  ', 140),
(141, '2024-03-10', 'Leucemia felina (FeLV)  ', 141),
(142, '2024-03-11', 'Inmunodeficiencia felina (FIV)  ', 142),
(143, '2024-03-12', 'Asma felina  ', 143),
(144, '2024-03-13', 'Conjuntivitis infecciosa felina  ', 144),
(145, '2024-03-14', 'Bronquitis crónica  ', 145),
(146, '2024-03-15', 'Enteritis parasitaria  ', 146),
(147, '2024-03-16', 'Infección por giardias  ', 147),
(148, '2024-03-17', 'Lipoma subcutáneo  ', 148),
(149, '2024-03-18', 'Enfermedad periodontal avanzada  ', 149),
(150, '2024-03-19', 'Tumor mamario maligno  ', 150);

-- --------------------------------------------------------

--
-- Estructura de tabla para la tabla `tdieta`
--

CREATE TABLE `tdieta` (
  `id_dieta` int(11) NOT NULL,
  `tipo_dieta` varchar(40) DEFAULT NULL,
  `descripcion` varchar(300) DEFAULT NULL
) ENGINE=InnoDB DEFAULT CHARSET=utf8mb4 COLLATE=utf8mb4_general_ci;

--
-- Volcado de datos para la tabla `tdieta`
--

INSERT INTO `tdieta` (`id_dieta`, `tipo_dieta`, `descripcion`) VALUES
(1, 'Dieta carnívora felina (tigres)', 'Dieta alta en proteína animal (80% carne, 15% huesos, 5% vísceras) para felinos'),
(2, 'Dieta avícola rapaz (águilas)', 'Dieta basada en presas enteras (ratones, aves pequeñas) con suplemento de calcio'),
(3, 'Dieta piscívora (nutrias)', 'Dieta compuesta por pescados enteros con alto contenido de ácidos grasos Omega-3'),
(4, 'Dieta hematófaga (murciélagos)', 'Dieta líquida de sangre y suplementos proteicos para murciélagos hematófagos'),
(5, 'Dieta insectívora (osos hormigueros)', 'Dieta de insectos vivos (hormigas, termitas) con proteína animal complementaria'),
(6, 'Dieta frugívora (monos aulladores)', 'Dieta compuesta por 70% frutas tropicales, 20% hojas tiernas, 10% flores'),
(7, 'Dieta folívora (perezosos)', 'Dieta especializada en hojas de árboles nativos con fermentación controlada'),
(8, 'Dieta granívora (loros)', 'Dieta de semillas variadas (girasol, maíz) con minerales añadidos'),
(9, 'Dieta nectarívora (colibríes)', 'Dieta líquida de néctar artificial enriquecido con vitaminas'),
(10, 'Dieta omnívora generalista (osos andinos', 'Dieta balanceada 50% proteína animal, 30% frutas, 20% vegetales'),
(11, 'Dieta carroñera (zopilotes)', 'Dieta basada en carroña fresca con suplementos digestivos'),
(12, 'Dieta herbívora estricta (tortugas)', 'Dieta 100% vegetal (hojas, tallos) con alto contenido de fibra'),
(13, 'Dieta de aves acuáticas (flamencos)', 'Dieta de crustáceos pequeños y algas para aves filtradoras'),
(14, 'Dieta de primates frugívoros (titíes)', 'Dieta de frutas blandas y néctar para primates pequeños'),
(15, 'Dieta de roedores (guaguas)', 'Dieta de raíces, tubérculos y vegetales frescos para roedores'),
(16, 'Dieta de reptiles insectívoros (camaleon', 'Dieta de insectos vivos (grillos, larvas) con calcio en polvo'),
(17, 'Dieta de aves granívoras (palomas)', 'Dieta de granos germinados y semillas molidas para aves'),
(18, 'Dieta de mamíferos marinos (lobos marino', 'Dieta de pescado entero con piel y espinas para mamíferos marinos'),
(19, 'Dieta de rapaces nocturnas (búhos)', 'Dieta de mamíferos pequeños enteros con contenido estomacal'),
(20, 'Dieta de équidos (cebras)', 'Dieta de forraje seco y fresco con minerales para équidos'),
(21, 'Dieta de rumiantes (jirafas)', 'Dieta de hojas de árboles altos y suplemento de sal'),
(22, 'Dieta de suidos (pecaríes)', 'Dieta omnívora balanceada con frutas y proteína animal'),
(23, 'Dieta de mustélidos (nutrias)', 'Dieta acuática basada en crustáceos y moluscos'),
(24, 'Dieta de prociónidos (mapaches)', 'Dieta de frutas y pequeños vertebrados para prociónidos'),
(25, 'Dieta de marsupiales (zarigüeyas)', 'Dieta flexible de insectos, frutas y pequeños vertebrados'),
(26, 'Dieta de aves zancudas (garzas)', 'Dieta de peces pequeños y anfibios para aves zancudas'),
(27, 'Dieta de psitácidos (guacamayas)', 'Dieta de frutos secos duros y semillas para psitácidos'),
(28, 'Dieta de felinos pequeños (ocelotes)', 'Dieta de presas pequeñas (roedores, aves) para felinos'),
(29, 'Dieta de cánidos (lobos)', 'Dieta variada de carnes, frutas y vegetales para cánidos'),
(30, 'Dieta de úrsidos (osos de anteojos)', 'Dieta especializada en frutas y vegetales con proteína ocasional'),
(31, 'Dieta de primates omnívoros (capuchinos)', 'Dieta de frutas, insectos y pequeños vertebrados'),
(32, 'Dieta de edentados (armadillos)', 'Dieta de insectos y raíces para edentados'),
(33, 'Dieta de lagomorfos (conejos)', 'Dieta de heno fresco y vegetales de hoja verde'),
(34, 'Dieta de roedores arborícolas (ardillas)', 'Dieta de nueces, semillas y brotes tiernos'),
(35, 'Dieta de aves corredoras (ñandúes)', 'Dieta de pastos y granos para aves corredoras'),
(36, 'Dieta de reptiles herbívoros (iguanas)', 'Dieta de hojas, flores y frutas para reptiles herbívoros'),
(37, 'Dieta de anfibios (ranas)', 'Dieta de insectos vivos y suplementos de vitaminas'),
(38, 'Dieta de peces carnívoros (pirañas)', 'Dieta de peces pequeños enteros con vísceras'),
(39, 'Dieta de peces herbívoros (plecos)', 'Dieta de algas y vegetación acuática para peces'),
(40, 'Dieta de aves carroñeras (gallinazos)', 'Dieta de restos animales con huesos triturados'),
(41, 'Dieta de mamíferos insectívoros (erizos)', 'Dieta de insectos y larvas con alto contenido proteico'),
(42, 'Dieta de aves nectarívoras (colibríes)', 'Dieta líquida de néctar artificial con aminoácidos'),
(43, 'Dieta de primates folívoros (monos aulla', 'Dieta de hojas seleccionadas con fermentación asistida'),
(44, 'Dieta de artiodáctilos (venados)', 'Dieta de brotes tiernos y cortezas para artiodáctilos'),
(45, 'Dieta de aves frugívoras (tucanes)', 'Dieta de frutas coloridas con alto contenido en azúcares'),
(46, 'Dieta de reptiles carnívoros (cocodrilos', 'Dieta de presas grandes con huesos para reptiles'),
(47, 'Dieta de aves omnívoras (pavos)', 'Dieta variada de granos, insectos y pequeños vertebrados'),
(48, 'Dieta de mamíferos acuáticos (manatíes)', 'Dieta de plantas acuáticas y vegetación tierna'),
(49, 'Dieta de quirópteros frugívoros (murciél', 'Dieta de frutas blandas y néctar concentrado'),
(50, 'Dieta de aves rapaces diurnas (halcones)', 'Dieta de presas vivas para rapaces diurnas'),
(51, 'Dieta de mustélidos acuáticos (nutrias)', 'Dieta de peces y crustáceos de agua dulce'),
(52, 'Dieta de roedores subterráneos (tucotuco', 'Dieta de raíces y tubérculos subterráneos'),
(53, 'Dieta de marsupiales omnívoros (zarigüey', 'Dieta de invertebrados y materia vegetal'),
(54, 'Dieta de aves limícolas (chorlos)', 'Dieta de pequeños invertebrados acuáticos'),
(55, 'Dieta de primates gummívoros (tamarinos)', 'Dieta de goma vegetal y savia de árboles'),
(56, 'Dieta de felinos hipercarnívoros (leones', 'Dieta de grandes presas con alto contenido óseo'),
(57, 'Dieta de aves piscívoras (pelícanos)', 'Dieta de peces medianos enteros'),
(58, 'Dieta de mamíferos folívoros (perezosos)', 'Dieta especializada en hojas tóxicas (detoxificadas)'),
(59, 'Dieta de reptiles omnívoros (tortugas)', 'Dieta mixta de plantas y proteína animal'),
(60, 'Dieta de anfibios insectívoros (sapos)', 'Dieta de insectos acuáticos y anfibios'),
(61, 'Dieta de peces omnívoros (mojarras)', 'Dieta omnívora acuática con vegetación'),
(62, 'Dieta de aves granívoras (canarios)', 'Dieta de semillas pequeñas y granos'),
(63, 'Dieta de mamíferos granívoros (ratones)', 'Dieta de granos almacenados y vegetales'),
(64, 'Dieta de aves insectívoras (golondrinas)', 'Dieta de insectos voladores y larvas'),
(65, 'Dieta de primates insectívoros (micos no', 'Dieta nocturna de insectos y frutas'),
(66, 'Dieta de artiodáctilos rumiantes (llamas', 'Dieta de pastos andinos y suplementos'),
(67, 'Dieta de aves carnívoras (caranchos)', 'Dieta de carroña y pequeños vertebrados'),
(68, 'Dieta de reptiles frugívoros (iguanas)', 'Dieta de frutas y hojas para reptiles'),
(69, 'Dieta de mamíferos nectarívoros (murciél', 'Dieta líquida de néctar y polen'),
(70, 'Dieta de aves omnívoras (urracas)', 'Dieta omnívora con predominio vegetal'),
(71, 'Dieta de peces detritívoros (corronchos)', 'Dieta de detritos y materia orgánica'),
(72, 'Dieta de mamíferos carroñeros (zorros)', 'Dieta oportunista de frutos y animales pequeños'),
(73, 'Dieta de aves folívoras (hoatzines)', 'Dieta de hojas fermentadas con bacterias'),
(74, 'Dieta de roedores frugívoros (ardillas)', 'Dieta de frutos secos y semillas duras'),
(75, 'Dieta de reptiles carroñeros (lagartos)', 'Dieta de restos animales en descomposición'),
(76, 'Dieta de anfibios carnívoros (salamandra', 'Dieta de insectos y pequeños reptiles'),
(77, 'Dieta de peces herbívoros (pez doctor)', 'Dieta de néctar y frutas muy maduras'),
(78, 'Dieta de aves rapaces (cóndores)', 'Dieta de algas y microorganismos'),
(79, 'Dieta de mamíferos piscívoros (nutrias)', 'Dieta de peces herbívoros con vegetación'),
(80, 'Dieta de primates frugívoros (monos arañ', 'Dieta de presas grandes y huesos'),
(81, 'Dieta de artiodáctilos acuáticos (hipopó', 'Dieta omnívora con énfasis en frutas'),
(82, 'Dieta de aves granívoras (codornices)', 'Dieta de peces y crustáceos marinos'),
(83, 'Dieta de reptiles insectívoros (geckos)', 'Dieta de primates con suplementos proteicos'),
(84, 'Dieta de mamíferos omnívoros (coatíes)', 'Dieta de vegetación acuática y pastos'),
(85, 'Dieta de aves nectarívoras (picaflores)', 'Dieta de granos pequeños y semillas'),
(86, 'Dieta de peces carnívoros (bagres)', 'Dieta de insectos y arácnidos pequeños'),
(87, 'Dieta de mamíferos folívoros (koalas)', 'Dieta de peces y calamares pequeños'),
(88, 'Dieta de aves frugívoras (cotingas)', 'Dieta de hojas de eucalipto especializadas'),
(89, 'Dieta de reptiles omnívoros (tortugas)', 'Dieta de frutas tropicales variadas'),
(90, 'Dieta de anfibios herbívoros (ranas)', 'Dieta mixta para reptiles longevos'),
(91, 'Dieta de peces planctívoros (sardinas)', 'Dieta de plantas acuáticas y algas'),
(92, 'Dieta de aves carroñeras (buitres)', 'Dieta de plancton y pequeños crustáceos'),
(93, 'Dieta de mamíferos insectívoros (musarañ', 'Dieta de carroña con alto contenido óseo'),
(94, 'Dieta de primates omnívoros (babuinos)', 'Dieta de invertebrados del suelo'),
(95, 'Dieta de artiodáctilos rumiantes (alpaca', 'Dieta balanceada para primates sociales'),
(96, 'Dieta de aves piscívoras (martines pesca', 'Dieta de pastos altoandinos'),
(97, 'Dieta de reptiles herbívoros (tortugas)', 'Dieta de peces pequeños y anfibios'),
(98, 'Dieta de mamíferos granívoros (jerboas)', 'Dieta de vegetación acuática densa'),
(99, 'Dieta de aves insectívoras (carpinteros)', 'Dieta de roedores pequeños y semillas'),
(100, 'Dieta de peces omnívoros (tilapias)', 'Dieta de insectos de madera'),
(101, 'Dieta de mamíferos carnívoros (leopardos', 'Dieta de peces de agua dulce'),
(102, 'Dieta de aves frugívoras (quetzales)', 'Dieta de hojas fibrosas detoxificadas'),
(103, 'Dieta de reptiles carnívoros (boas)', 'Dieta de frutos carnosos del bosque'),
(104, 'Dieta de anfibios insectívoros (ranas)', 'Dieta de presas constrictoras grandes'),
(105, 'Dieta de peces herbívoros (peces loro)', 'Dieta de insectos y larvas acuáticas'),
(106, 'Dieta de aves rapaces (águilas harpías)', 'Dieta de coral y algas marinas'),
(107, 'Dieta de mamíferos omnívoros (mapaches)', 'Dieta de aves rapaces forestales'),
(108, 'Dieta de primates frugívoros (orangutane', 'Dieta omnívora con énfasis estacional'),
(109, 'Dieta de artiodáctilos (tapires)', 'Dieta de frutas y brotes tropicales'),
(110, 'Dieta de aves granívoras (gorriones)', 'Dieta de vegetación ribereña'),
(111, 'Dieta micófaga (hongos)  ', 'Consumo principal de hongos y setas'),
(112, 'Dieta xilófaga (madera)  ', 'Alimentación a base de madera'),
(113, 'Dieta detritívora (materia orgánica en d', 'Consume materia orgánica en descomposición'),
(114, 'Dieta polinívora (polen)  ', 'Basada en el consumo de polen'),
(115, 'Dieta gummívora (savia de árboles)  ', 'Se alimenta de savia o goma de árboles'),
(116, 'Dieta malacófaga (moluscos)  ', 'Especializada en moluscos'),
(117, 'Dieta coprófaga (heces)  ', 'Ingesta de heces para extraer nutrientes'),
(118, 'Dieta geófaga (tierra/minerales)  ', 'Consume tierra o minerales'),
(119, 'Dieta mucófaga (mucosidades)  ', 'Se alimenta de mucosidades'),
(120, 'Dieta saprófaga (materia vegetal en desc', 'Descompone materia vegetal muerta'),
(121, 'Dieta algívora (algas)  ', 'Dieta basada en algas'),
(122, 'Dieta bacteriófaga (bacterias)  ', 'Consume bacterias'),
(123, 'Dieta planctívora (plancton)  ', 'Se alimenta de plancton'),
(124, 'Dieta esponjívora (esponjas marinas)  ', 'Consume esponjas marinas'),
(125, 'Dieta coralívora (corales)  ', 'Especializada en corales'),
(126, 'Dieta rizófaga (raíces)  ', 'Alimentación de raíces'),
(127, 'Dieta cortícola (corteza de árboles)  ', 'Come corteza de árboles'),
(128, 'Dieta liquenívora (líquenes)  ', 'Basada en líquenes'),
(129, 'Dieta semillívora (semillas duras)  ', 'Consumo exclusivo de semillas duras'),
(130, 'Dieta tubérvora (tubérculos)  ', 'Se alimenta de tubérculos'),
(131, 'Dieta bulbívora (bulbos)  ', 'Consume bulbos subterráneos'),
(132, 'Dieta resinívora (resina de árboles)  ', 'Ingesta de resina de árboles'),
(133, 'Dieta melífera (miel)  ', 'Dieta centrada en miel'),
(134, 'Dieta piscívora estricta (solo peces)  ', 'Solo consume peces'),
(135, 'Dieta conchífaga (conchas de moluscos)  ', 'Rompe y come conchas de moluscos'),
(136, 'Dieta osteófaga (huesos)  ', 'Especializada en huesos'),
(137, 'Dieta queratófaga (cuernos/plumas)  ', 'Consume cuernos, plumas o queratina'),
(138, 'Dieta cartilaginívora (cartílago)  ', 'Come cartílago'),
(139, 'Dieta ovífaga (huevos)  ', 'Roba o consume huevos'),
(140, 'Dieta pedófaga (hojas tiernas)  ', 'Prefiere hojas tiernas y brotes'),
(141, 'Dieta florívora (flores)  ', 'Se alimenta de flores'),
(142, 'Dieta palinívora (polen específico)  ', 'Consume polen específico'),
(143, 'Dieta néctar-polinívora (combinada)  ', 'Combina néctar y polen'),
(144, 'Dieta frugi-folívora (frutas y hojas)  ', 'Mezcla de frutas y hojas'),
(145, 'Dieta carroña-insectívora (mixta)  ', 'Carroña complementada con insectos'),
(146, 'Dieta omnívora oportunista (adaptable)  ', 'Adaptable a recursos variables'),
(147, 'Dieta hiperherbívora (solo vegetación du', 'Vegetación fibrosa y dura'),
(148, 'Dieta foli-nectarívora (hojas y néctar) ', 'Hojas y néctar'),
(149, 'Dieta grani-insectívora (semillas e inse', 'Semillas e insectos'),
(150, 'Dieta piscí-insectívora (peces e insecto', 'Peces e insectos acuáticos');

-- --------------------------------------------------------

--
-- Estructura de tabla para la tabla `tenfermedad`
--

CREATE TABLE `tenfermedad` (
  `id_enfermedad` int(11) NOT NULL,
  `nom_enfermedad` varchar(20) DEFAULT NULL,
  `descripcion` varchar(300) DEFAULT NULL,
  `nivel` varchar(20) DEFAULT NULL
) ENGINE=InnoDB DEFAULT CHARSET=utf8mb4 COLLATE=utf8mb4_general_ci;

--
-- Volcado de datos para la tabla `tenfermedad`
--

INSERT INTO `tenfermedad` (`id_enfermedad`, `nom_enfermedad`, `descripcion`, `nivel`) VALUES
(1, 'Gastroenteritis  ', 'Gastroenteritis aguda', 'Crítico  '),
(2, 'Otitis externa  ', 'Otitis externa bilateral', 'Extremo  '),
(3, 'Dermatitis  ', 'Dermatitis alérgica', 'Grave  '),
(4, 'Fractura de fémur  ', 'Fractura de fémur', 'Muy grave  '),
(5, 'Conjuntivitis  ', 'Conjuntivitis bacteriana', 'Severo  '),
(6, 'Obesidad  ', 'Obesidad moderada', 'Alto  '),
(7, 'Infección urinaria  ', 'Infección urinaria (ITU)', 'Moderado  '),
(8, 'Cuerpo extraño gástr', 'Cuerpo extraño en estómago', 'Leve  '),
(9, 'Artritis  ', 'Artritis degenerativa', 'Mínimo  '),
(10, 'Sarna demodecica  ', 'Sarna demodécica', 'Agudo  '),
(11, 'Panleucopenia  ', 'Panleucopenia felina', 'Crónico  '),
(12, 'Traqueobronquitis  ', 'Tos de las perreras (Traqueobronquitis)', 'Emergencia  '),
(13, 'Absceso  ', 'Absceso subcutáneo', 'Urgente  '),
(14, 'Enfermedad periodont', 'Enfermedad periodontal', 'Inicial  '),
(15, 'Parvovirus  ', 'Parvovirosis canina', 'Avanzado  '),
(16, 'Hipertiroidismo  ', 'Hipertiroidismo felino', 'Complicado  '),
(17, 'Diabetes  ', 'Diabetes mellitus', 'Incontrolado  '),
(18, 'Catarata  ', 'Catarata bilateral', 'Estable  '),
(19, 'Luxación de rótula  ', 'Luxación de rótula', 'Inestable  '),
(20, 'Anemia  ', 'Anemia no regenerativa', 'Recuperación  '),
(21, 'Cistitis idiopática ', 'Cistitis idiopática felina', 'Remisión  '),
(22, 'Herida por mordedura', 'Herida por mordedura', 'Latente  '),
(23, 'Insuficiencia renal ', 'Insuficiencia renal crónica', 'Activo  '),
(24, 'Alopecia  ', 'Alopecia hormonal', 'Persistente  '),
(25, 'Gingivitis  ', 'Gingivitis severa', 'Resistente  '),
(26, 'Cardiomiopatía  ', 'Corazón dilatado (Cardiomiopatía)', 'Recidivante  '),
(27, 'Quemadura solar  ', 'Quemadura solar', 'Subagudo  '),
(28, 'Hernia umbilical  ', 'Hernia umbilical', 'Superficial  '),
(29, 'Leishmaniasis  ', 'Leishmaniosis', 'Profundo  '),
(30, 'Linfoma  ', 'Linfoma intestinal', 'Localizado  '),
(31, 'Bronconeumonía  ', 'Bronconeumonía', 'Generalizado  '),
(32, 'Displasia de cadera ', 'Displasia de cadera', 'Sistémico  '),
(33, 'Glaucoma  ', 'Glaucoma unilateral', 'Focal  '),
(34, 'Intoxicación por cho', 'Intoxicación por chocolate', 'Multifocal  '),
(35, 'Ansiedad  ', 'Problemas de conducta (ansiedad)', 'Difuso  '),
(36, 'Piómetra  ', 'Piómetra', 'Asintomático  '),
(37, 'Ehrlichia  ', 'Ehrlichiosis', 'Sintomático  '),
(38, 'Colapso traqueal  ', 'Colapso traqueal', 'Agresivo  '),
(39, 'Úlcera corneal  ', 'Úlcera corneal', 'Indolente  '),
(40, 'Hipotiroidismo  ', 'Hipotiroidismo', 'Progresivo  '),
(41, 'Cálculos urinarios  ', 'Cálculos vesicales', 'Rápido  '),
(42, 'Fiebre  ', 'Fiebre de origen desconocido', 'Lento  '),
(43, 'Diarrea crónica  ', 'Diarrea crónica', 'Repentino  '),
(44, 'Luxación de cadera  ', 'Luxación de cadera', 'Gradual  '),
(45, 'Deficiencia de vitam', 'Deficiencia de vitamina D', 'Intermitente  '),
(46, 'Tumor mamario  ', 'Tumor mamario benigno', 'Continuo  '),
(47, 'Espondilosis  ', 'Espondilosis deformante', 'Esporádico  '),
(48, 'Giardiasis  ', 'Parásitos intestinales (giardiasis)', 'Frecuente  '),
(49, 'Secreción ocular  ', 'Secreción ocular mucopurulenta', 'Crítico  '),
(50, 'Síndrome de Cushing ', 'Síndrome de Cushing', 'Extremo  '),
(51, 'Fractura dental  ', 'Fractura dental', 'Grave  '),
(52, 'Hepatitis  ', 'Hepatitis infecciosa canina', 'Muy grave  '),
(53, 'Dermatofitosis  ', 'Dermatofitosis (hongos)', 'Severo  '),
(54, 'Estomatitis  ', 'Estomatitis felina', 'Alto  '),
(55, 'Neoplasia pulmonar  ', 'Neoplasia pulmonar', 'Moderado  '),
(56, 'Envenenamiento  ', 'Envenenamiento por rodenticida', 'Leve  '),
(57, 'Quiste sebáceo  ', 'Quiste sebáceo', 'Mínimo  '),
(58, 'Prostatitis  ', 'Prostatitis bacteriana', 'Agudo  '),
(59, 'Ataxia  ', 'Ataxia por trauma', 'Crónico  '),
(60, 'Deficiencia de tauri', 'Deficiencia de taurina (en gatos)', 'Emergencia  '),
(61, 'Herpesvirus  ', 'Herpesvirus felino', 'Urgente  '),
(62, 'Obesidad mórbida  ', 'Obesidad mórbida', 'Inicial  '),
(63, 'Faringitis  ', 'Faringitis crónica', 'Avanzado  '),
(64, 'Hematuria  ', 'Hematuria idiopática', 'Complicado  '),
(65, 'Soplo cardíaco  ', 'Soplos cardíacos', 'Incontrolado  '),
(66, 'Alergia alimentaria ', 'Alergia alimentaria', 'Estable  '),
(67, 'Fractura costal  ', 'Fractura de costillas', 'Inestable  '),
(68, 'Conjuntivitis viral ', 'Conjuntivitis viral', 'Recuperación  '),
(69, 'Sarna sarcóptica  ', 'Sarna sarcóptica', 'Remisión  '),
(70, 'Hidrocefalia  ', 'Hidrocefalia congénita', 'Latente  '),
(71, 'Enfermedad de Lyme  ', 'Enfermedad de Lyme', 'Activo  '),
(72, 'Úlcera gástrica  ', 'Úlcera gástrica', 'Persistente  '),
(73, 'Quemadura química  ', 'Quemadura química', 'Resistente  '),
(74, 'Megacolon  ', 'Megacolon felino', 'Recidivante  '),
(75, 'Anquilostomiasis  ', 'Anquilostomiasis', 'Subagudo  '),
(76, 'Neumonía  ', 'Neumonía aspirativa', 'Superficial  '),
(77, 'Cuerpo extraño esofá', 'Cuerpo extraño en esófago', 'Profundo  '),
(78, 'Hernia discal  ', 'Hernia discal', 'Localizado  '),
(79, 'Ictericia  ', 'Icterus (ictericia)', 'Generalizado  '),
(80, 'Tumor esplénico  ', 'Tumor de bazo', 'Sistémico  '),
(81, 'Deficiencia de calci', 'Deficiencia de calcio', 'Focal  '),
(82, 'Otitis media  ', 'Otitis media', 'Multifocal  '),
(83, 'Polidipsia  ', 'Polidipsia psicogénica', 'Difuso  '),
(84, 'Fractura de cola  ', 'Fractura de cola', 'Asintomático  '),
(85, 'Enfermedad inflamato', 'Enfermedad inflamatoria intestinal (EII)', 'Sintomático  '),
(86, 'Criptorquidia  ', 'Criptorquidia', 'Agresivo  '),
(87, 'Anemia hemolítica  ', 'Anemia hemolítica', 'Indolente  '),
(88, 'Dermatitis alérgica ', 'Dermatitis por pulgas', 'Progresivo  '),
(89, 'Insuficiencia hepáti', 'Insuficiencia hepática', 'Rápido  '),
(90, 'Pérdida de peso  ', 'Pérdida de peso inexplicada', 'Lento  '),
(91, 'Queratitis seca  ', 'Queratoconjuntivitis seca', 'Repentino  '),
(92, 'Trauma ocular  ', 'Trauma ocular', 'Gradual  '),
(93, 'Hipertensión  ', 'Hipertensión sistémica', 'Intermitente  '),
(94, 'Luxación de hombro  ', 'Luxación de hombro', 'Continuo  '),
(95, 'Dilatación gástrica ', 'Torsión gástrica (GDV)', 'Esporádico  '),
(96, 'Síncope  ', 'Síncope episódico', 'Frecuente  '),
(97, 'Deficiencia de B12  ', 'Deficiencia de vitamina B12', 'Crítico  '),
(98, 'Osteosarcoma  ', 'Neoplasia ósea', 'Extremo  '),
(99, 'Gingivoestomatitis  ', 'Gingivoestomatitis crónica', 'Grave  '),
(100, 'Epistaxis  ', 'Hemorragia nasal (epistaxis)', 'Muy grave  '),
(101, 'Enfermedad valvular ', 'Enfermedad valvular degenerativa', 'Severo  '),
(102, 'Fiebre por mordedura', 'Fiebre por mordedura de gato', 'Alto  '),
(103, 'Ascitis  ', 'Ascitis', 'Moderado  '),
(104, 'Parálisis por garrap', 'Parálisis por garrapata', 'Leve  '),
(105, 'Cólico  ', 'Cólico equino (simulado para mascota pequeña)', 'Mínimo  '),
(106, 'Quemadura térmica  ', 'Quemadura térmica', 'Agudo  '),
(107, 'Síndrome de Horner  ', 'Síndrome de Horner', 'Crónico  '),
(108, 'Cáncer de tiroides  ', 'Neoplasia tiroidea', 'Emergencia  '),
(109, 'Hifema  ', 'Hifema (sangrado ocular)', 'Urgente  '),
(110, 'Encefalitis  ', 'Encefalitis infecciosa', 'Inicial  '),
(111, 'Endocarditis bacteri', 'Inflamación del endocardio causada por infección bacteriana', 'Avanzado  '),
(112, 'Mielopatía degenerat', 'Degeneración progresiva de la médula espinal en razas grandes', 'Complicado  '),
(113, 'Pénfigo foliáceo', 'Enfermedad autoinmune que causa ampollas en la piel', 'Incontrolado  '),
(114, 'Síndrome de Wobbler', 'Compresión de la médula espinal cervical en perros grandes', 'Estable  '),
(115, 'Enfermedad de Addiso', 'Deficiencia crónica de hormonas corticosteroides', 'Inestable  '),
(116, 'Pleuroneumonía', 'Inflamación simultánea de pleura y pulmones', 'Recuperación  '),
(117, 'Acalasia', 'Trastorno esofágico que impide el paso normal de alimento', 'Remisión  '),
(118, 'Poliomielitis', 'Enfermedad viral que afecta la médula espina', 'Latente  '),
(119, 'Enfermedad de Legg-C', 'Necrosis avascular de la cabeza femoral en razas pequeñas', 'Activo  '),
(120, 'Meningoencefalitis', 'Inflamación combinada de meninges y tejido cerebral', 'Persistente  '),
(121, 'Poliartritis', 'Artritis que afecta múltiples articulaciones simultáneamente', 'Resistente  '),
(122, 'Síndrome de cauda eq', 'Compresión de nervios en la región lumbosacra', 'Recidivante  '),
(123, 'Tétanos', 'Intoxicación por neurotoxina de Clostridium tetani', 'Subagudo  '),
(124, 'Botulismo', 'Parálisis por toxina botulínica', 'Superficial  '),
(125, 'Rabdomiosarcoma', 'Tumor maligno de tejido muscular esquelético', 'Profundo  '),
(126, 'Fibrosarcoma', 'Tumor maligno de tejido conectivo fibroso', 'Localizado  '),
(127, 'Hemangiosarcoma', 'Tumor maligno de células endoteliales vasculares', 'Generalizado  '),
(128, 'Miastenia gravis', 'Trastorno neuromuscular autoinmune', 'Sistémico  '),
(129, 'Enfermedad de Aujesz', 'Enfermedad viral neurológica grave en cerdos', 'Focal  '),
(130, 'Peritonitis infeccio', 'Peritonitis viral fatal en gatos', 'Multifocal  '),
(131, 'Trombocitopenia', 'Disminución anormal de plaquetas en sangre', 'Difuso  '),
(132, 'Pulmonía intersticia', 'Inflamación del tejido pulmonar intersticial', 'Asintomático  '),
(133, 'Síndrome de Kessler', 'Enfermedad degenerativa de discos intervertebrales', 'Sintomático  '),
(134, 'Enfermedad de Carré', 'Enfermedad viral canina (también llamada moquillo)', 'Agresivo  '),
(135, 'Coriza infeccioso', 'Infección respiratoria superior en aves', 'Indolente  '),
(136, 'Adenocarcinoma', 'Tumor maligno de glándulas epiteliales', 'Progresivo  '),
(137, 'Pioderma profundo', 'Infección bacteriana profunda de la piel', 'Rápido  '),
(138, 'Síndrome de Ehlers-D', 'Trastorno hereditario del tejido conectivo', 'Lento  '),
(139, 'Mucocele salival', 'Dilatación quística de glándula salival', 'Repentino  '),
(140, 'Enterotoxemia', 'Intoxicación por toxinas bacterianas intestinales', 'Gradual  '),
(141, 'Colangiohepatitis', 'Inflamación de conductos biliares e hígado', 'Intermitente  '),
(142, 'Síndrome de malabsor', 'Alteración en la absorción de nutrientes intestinales', 'Continuo  '),
(143, 'Atrofia progresiva d', 'Degeneración progresiva de retina hereditaria', 'Esporádico  '),
(144, 'Enfermedad de von Wi', 'Trastorno hemorrágico por deficiencia de factor de coagulación', 'Frecuente  '),
(145, 'Poliradiculoneuritis', 'Inflamación de múltiples raíces nerviosas', 'Profundo  '),
(146, 'Síndrome de Fanconi', 'Síndrome renal con pérdida excesiva de nutrientes', 'Localizado  '),
(147, 'Mielofibrosis', 'Reemplazo de médula ósea por tejido fibroso', 'Generalizado  '),
(148, 'Osteodistrofia hiper', 'Deformación ósea por alteración en el metabolismo del calcio', 'Sistémico  '),
(149, 'Amiloidosis', 'Acumulación anormal de proteína amiloide en tejidos', 'Focal  '),
(150, 'Necrosis avascular', 'Muerte del tejido óseo por falta de irrigación sanguínea', 'Multifocal  ');

-- --------------------------------------------------------

--
-- Estructura de tabla para la tabla `tespecialidadveterinaria`
--

CREATE TABLE `tespecialidadveterinaria` (
  `id_especialidad` int(11) NOT NULL,
  `nom_especialidad` varchar(20) DEFAULT NULL,
  `descripcion` varchar(300) DEFAULT NULL,
  `fecha` date DEFAULT NULL
) ENGINE=InnoDB DEFAULT CHARSET=utf8mb4 COLLATE=utf8mb4_general_ci;

--
-- Volcado de datos para la tabla `tespecialidadveterinaria`
--

INSERT INTO `tespecialidadveterinaria` (`id_especialidad`, `nom_especialidad`, `descripcion`, `fecha`) VALUES
(1, 'Cardiología Veterina', 'Diagnóstico y tratamiento de enfermedades cardíacas en animales.', '2017-03-12'),
(2, 'Dermatología Veterin', 'Tratamiento de alergias, infecciones y enfermedades de la piel.', '2019-08-05'),
(3, 'Oncología Veterinari', 'Diagnóstico y tratamiento del cáncer en animales.', '2021-11-18'),
(4, 'Neurología Veterinar', 'Enfermedades del sistema nervioso central y periférico.', '2018-05-22'),
(5, 'Oftalmología Veterin', 'Enfermedades y cirugía de ojos en animales', '2020-09-14'),
(6, 'Cirugía Ortopédica', 'Corrección de fracturas, displasias y problemas óseos', '2023-01-30'),
(7, 'Anestesiología Veter', 'Manejo del dolor y sedación en procedimientos quirúrgicos', '2016-07-09'),
(8, 'Medicina Interna', 'Diagnóstico y tratamiento de enfermedades sistémicas', '2022-04-17'),
(9, 'Nefrología/Urología', 'Enfermedades renales y del tracto urinario', '2021-02-28'),
(10, 'Endocrinología Veter', 'Trastornos hormonales (diabetes, hipotiroidismo)', '2019-10-31'),
(11, 'Gastroenterología', 'Enfermedades digestivas y del tracto gastrointestinal', '2018-12-03'),
(12, 'Medicina Felina', 'Enfoque exclusivo en gatos', '2020-06-25'),
(13, 'Medicina Equina', 'Especialización en salud de caballos, desde deporte hasta reproducción, con técnicas diagnósticas avanzadas', '2023-07-08'),
(14, 'Medicina de Animales', 'Cuidado de reptiles, aves y mamíferos no tradicionales', '2017-09-19'),
(15, 'Odontología Veterina', 'Tratamiento de enfermedades dentales y orales', '2021-05-11'),
(16, 'Fisioterapia y Rehab', 'Recuperación post-quirúrgica y manejo del dolor crónico', '2016-11-27'),
(17, 'Acupuntura Veterinar', 'Terapia alternativa para manejo del dolor', '2022-08-14'),
(18, 'Medicina de Fauna Si', 'Cuidado de animales no domésticos (zorros, venados, etc.)', '2019-04-06'),
(19, 'Medicina de Zoológic', 'Manejo sanitario de animales en cautiverio', '2020-01-15'),
(20, 'Medicina Aviar', 'Enfermedades en aves domésticas y silvestres', '2024-02-29'),
(21, 'Medicina de Peces', 'Salud en peces de acuario y acuicultura', '2018-07-01'),
(22, 'Hematología Veterina', 'Trastornos de la sangre y sistema linfático', '2023-03-22'),
(23, 'Hematología Veterina', 'Trastornos de la sangre y sistema linfático', '2017-12-10'),
(24, 'Inmunología Veterina', 'Enfermedades autoinmunes y alergias complejas', '2021-08-03'),
(25, 'Neonatología Veterin', 'Cuidado de crías recién nacidas', '2016-04-18'),
(26, 'Geriatría Veterinari', 'Manejo de enfermedades en animales ancianos', '2022-10-09'),
(27, 'Medicina del Comport', 'Trastornos conductuales (ansiedad, agresividad)', '2020-03-27'),
(28, 'Nutrición Clínica', 'Dietas terapéuticas para enfermedades específicas', '2019-01-08'),
(29, 'Medicina Deportiva', 'Optimización del rendimiento en animales atletas', '2024-05-14'),
(30, 'Toxicología Veterina', 'Envenenamientos y exposición a toxinas', '2018-02-21'),
(31, 'Epidemiología Veteri', 'Estudio de brotes de enfermedades en poblaciones animales', '2023-09-05'),
(32, 'Cirugía Oncológica', 'Extirpación de tumores y manejo quirúrgico del cáncer', '2017-06-16'),
(33, 'Cirugía Plástica', 'Reconstrucción de tejidos después de traumatismos', '2021-12-22'),
(34, 'Cirugía Torácica', 'Intervenciones en el tórax (corazón, pulmones)', '2016-09-02'),
(35, 'Cirugía Neurológica', 'Operaciones en cerebro y médula espinal', '2022-05-19'),
(36, 'Medicina de Emergenc', 'Atención de urgencias y trauma', '2020-11-30'),
(37, 'Cuidados Intensivos', 'Manejo de pacientes críticamente enfermos', '2019-07-12'),
(38, 'Patología Veterinari', 'Diagnóstico de enfermedades mediante biopsias', '2024-01-25'),
(39, 'Radiología Veterinar', 'Diagnóstico por imágenes (rayos X, ecografías)', '2018-08-07'),
(40, 'Medicina Forense', 'Investigación de maltrato animal o causas de muerte', '2023-04-18'),
(41, 'Medicina de Animales', 'Enfoque en salud productiva de bovinos, porcinos, etc', '2017-01-29'),
(42, 'Medicina de Camélido', 'Cuidado de llamas, alpacas y vicuñas', '2021-06-15'),
(43, 'Medicina de Cérvidos', 'Manejo de venados y ciervos en cautiverio', '2016-03-08'),
(44, 'Medicina de Animales', 'Salud de animales en espectáculos itinerantes', '2022-11-21'),
(45, 'Medicina de Animales', 'Cuidado de perros/equinos de asistencia emocional', '2020-08-04'),
(46, 'Medicina de Hurones', 'Enfermedades comunes en hurones domésticos', '2019-02-17'),
(47, 'Medicina de Primates', 'Cuidado de monos en zoológicos o investigación', '2024-06-30'),
(48, 'Medicina de Abejas', 'Salud de colmenas y prevención de enfermedades', '2018-09-13'),
(49, 'Medicina de Animales', 'Cuidado de erizos, chinchillas, etc', '2023-02-24'),
(50, 'Medicina de Animales', 'Optimización de rendimiento en galgos/caballos', '2017-04-05'),
(51, 'Medicina de Animales', 'Cuidado de animales en acuarios/museos vivos', '2021-10-28'),
(52, 'Medicina de Animales', 'Salud de caballos/bueyes usados en labores', '2016-12-11'),
(53, 'Medicina de Animales', 'Enfoque en enfermedades de conejos y roedores', '2022-07-02'),
(54, 'Medicina de Animales', 'Cuidado veterinario de especies salvajes en reservas y parques, enfocado en manejo a distancia y prevención de enfermedades', '2020-04-19'),
(55, 'Medicina de Animales', 'Atención a animales modificados genéticamente para investigación, con control de bioseguridad y bienestar', '2019-11-20'),
(56, 'Medicina de Animales', 'Prevención de estrés en animales encerrados', '2024-03-12'),
(57, 'Medicina de Animales', 'Cuidado de animales actores (cine/publicidad)', '2018-06-25'),
(58, 'Medicina de Animales', 'Conservación en hábitats protegidos', '2023-10-08'),
(59, 'Medicina de Animales', 'Rescate y rehabilitación post-catástrofes', '2017-11-01'),
(60, 'Medicina de Animales', 'control sanitario en importación/exportación', '2021-03-14'),
(61, 'Medicina de Animales', 'Manejo de enfermedades en albergues masivos.', '2016-08-16'),
(62, 'Medicina de Animales', 'Cuidado de animales rescatados (granjas, circos)', '2022-01-29'),
(63, 'Medicina de Animales', 'Salud de aves migratorias o en rehabilitación', '2020-10-22'),
(64, 'Medicina de Animales', 'Cuidado de focas, pingüinos, etc', '2019-05-05'),
(65, 'Medicina de Animales', 'Enfermedades en especies de aguas profundas', '2024-07-18'),
(66, 'Medicina de Animales', 'Salud de nutrias, castores, etc', '2018-03-30'),
(67, 'Medicina de Animales', 'Adaptaciones fisiológicas en climas áridos', '2023-06-11'),
(68, 'Medicina de Animales', 'Cuidado de osos polares, focas árticas', '2017-10-24'),
(69, 'Medicina de Animales', 'Enfermedades endémicas en climas cálidos', '2021-01-07'),
(70, 'Medicina de Animales', 'Salud de cabras montesas, cóndores, etc', '2016-05-20'),
(71, 'Medicina de Animales', 'Manejo de fauna en ciudades (palomas, mapaches)', '2022-12-13'),
(72, 'Medicina de Animales', 'Enfoque en animales de trabajo en campo', '2020-07-06'),
(73, 'Medicina de Animales', 'Cuidado de perros nórdicos (huskies, malamutes)', '2019-03-09'),
(74, 'Medicina de Animales', 'Salud de perros de caza y aves rapaces', '2024-04-22'),
(75, 'Medicina de Animales', 'Manejo de perros ovejeros y ganado pastoril', '2018-10-15'),
(76, 'Medicina de Animales', 'Cuidado de perros policía/militares', '2023-01-28'),
(77, 'Medicina de Animales', 'Salud de perros detectores (drogas, explosivos', '2017-02-08'),
(78, 'Medicina de Animales', 'Cuidado de perros de rescate en catástrofes', '2021-09-21'),
(79, 'Medicina de Animales', 'Terapia con animales para salud mental', '2016-10-04'),
(80, 'Medicina de Animales', 'Cuidado de perros guía o de servicio', '2022-03-17'),
(81, 'Medicina de Animales', 'Salud de delfines, orcas en parques', '2020-12-10'),
(82, 'Medicina de Animales', 'Cuidado de patos, botes tirados por animales', '2019-06-23'),
(83, 'Medicina de Animales', 'Salud en caballos de doma/clásic', '2024-08-05'),
(84, 'Medicina de Animales', 'Lesiones comunes en toros/caballos de rodeo', '2018-01-18'),
(85, 'Medicina de Animales', 'Cuidado de caballos en competencias de polo', '2023-05-31'),
(86, 'Medicina de Animales', 'Manejo de caballos de carreras', '2017-08-12'),
(87, 'Medicina de Animales', 'Salud de galgos en competencias', '2021-04-25'),
(88, 'Medicina de Animales', 'Rehabilitación de perros/gallos rescatados', '2016-02-07'),
(89, 'Medicina de Animales', 'Cuidado de mulas/burros en minas', '2022-09-20'),
(90, 'Medicina de Animales', 'salud de camellos, elefantes de carga', '2020-05-13'),
(91, 'Medicina de Animales', 'Histórico: cuidado de caballos/perros en combate', '2019-12-26'),
(92, 'Medicina de Animales', 'Cuidado de animales usados en rituales culturales', '2024-09-08'),
(93, 'Medicina de Animales', 'Enfoque en especies simbólicas (dragones en cultura)', '2018-04-01'),
(94, 'Medicina de Animales', 'Cuidado de coyotes, pumas en matorrales', '2023-08-14'),
(95, 'Medicina de Animales', 'Cuidado de mascotas en entornos virtuales', '2017-05-27'),
(96, 'Medicina de Animales', 'Salud en animales enviados al espacio', '2021-07-10'),
(97, 'Medicina de Animales', 'Manejo de problemas en clones animales', '2016-01-23'),
(98, 'Medicina de Animales', 'Cuidado de organismos con ADN modificado', '2022-06-16'),
(99, 'Medicina de Animales', 'Rehabilitación de animales con extremidades artificiales', '2020-02-29'),
(100, 'Medicina de Animales', 'mplantes tecnológicos en fauna', '2019-09-11'),
(101, 'Medicina de Animales', 'peservación de tejidos en bajas temperaturas', '2024-10-24'),
(102, 'Medicina de Animales', 'Adaptaciones fisiológicas en microgravedad', '2018-11-07'),
(103, 'Medicina de Animales', 'Supervivencia en radiación/vacío', '2023-12-20'),
(104, 'Medicina de Animales', 'Enfoque lúdico en criaturas imaginarias', '2017-07-03'),
(105, 'Medicina de Animales', 'Estudio de cryptozoología (ej: yeti, chupacabras)', '2021-02-14'),
(106, 'Medicina de Animales', 'Especialidad que trata especies con luminiscencia natural, manejando sus alteraciones cutáneas y estudiando aplicaciones biomédicas de su brillo.', '2016-06-27'),
(107, 'Medicina de Animales', 'Cuidado de especies acuáticas en cautiverio (peces, tiburones, corales)', '2022-02-10'),
(108, 'Medicina de Animales', 'Manejo de roedores, primates y otras especies usadas en investigación biomédica', '2020-01-03'),
(109, 'Medicina de Búfalos ', 'nfermedades y manejo de búfalos de agua', '2019-08-16'),
(110, 'Medicina de Cérvidos', 'Manejo de venados, ciervos axis y otras especies', '2024-11-29'),
(111, 'Medicina de Animales', 'Especializada en especies árticas (renos, bueyes almizcleros) adaptadas a climas extremos, enfocada en hipotermia crónica y nutrición hipercalórica', '2018-09-13'),
(112, 'Rehabilitación de Fa', 'Tratamiento de quemaduras, estrés postraumático y regeneración de ecosistemas pulmonares en animales afectados por incendios forestales', '2023-02-24'),
(113, 'Medicina de Animales', 'Manejo de infecciones parasitarias anfibias y adaptaciones fisiológicas en cocodrilos, nutrias gigantes y aves palustres', '2017-04-05'),
(114, 'Cardiología de Espec', 'Estudio de corazones de peces de profundidad con adaptaciones a alta presión y bajos niveles de oxígeno', '2021-10-28'),
(115, 'Dermatología de Anfi', 'Tratamiento de enfermedades cutáneas en ranas y salamandras por hongos quítridos y contaminantes', '2016-12-11'),
(116, 'Oncología de Peces d', 'Diagnóstico y tratamiento de tumores en especies coralinas afectadas por blanqueamiento', '2022-07-02'),
(117, 'Neurología de Mamífe', 'Estudio de sistemas de ecolocalización y enfermedades neurodegenerativas en murciélagos', '2020-04-19'),
(118, 'Oftalmología de Rapa', 'Corrección de problemas visuales en búhos y lechuzas por contaminación lumínica', '2019-11-20'),
(119, 'Cirugía de Corales', 'Técnicas microquirúrgicas para reparación de colonias coralinas dañadas', '2024-03-12'),
(120, 'Anestesiología para ', 'Desarrollo de protocolos seguros para elefantes, ballenas y otros animales gigantes', '2018-06-25'),
(121, 'Medicina de Animales', 'Cuidado de focas, pingüinos y otras especies afectadas por el deshielo polar', '2023-10-08'),
(122, 'Nefrología de Especi', 'Manejo de insuficiencia renal en camélidos y roedores con adaptación a la deshidratación', '2017-11-01'),
(123, 'Endocrinología de Av', 'Estudio de alteraciones hormonales por cambios en rutas migratorias por clima', '2021-03-14'),
(124, 'Gastroenterología de', 'Tratamiento de úlceras por altura en vicuñas y llamas de alta montaña', '2016-08-16'),
(125, 'Medicina de Animales', 'Cuidado de topos, tuzas y otros especies con adaptaciones a vida hipogea', '2022-01-29'),
(126, 'Odontología de Depre', 'Reconstrucción dental en especies relicto como cocodrilos y tuátaras', '2020-10-22'),
(127, 'Fisioterapia para An', 'Rehabilitación de mamíferos marinos y terrestres con pérdida de extremidades', '2019-05-05'),
(128, 'Acupuntura para Rept', 'Adaptación de técnicas de medicina tradicional china a fisiología reptiliana', '2024-07-18'),
(129, 'Medicina de Animales', 'Tratamiento de intoxicaciones por metales pesados en cangrejos y aves de estero', '2018-03-30'),
(130, 'Nutrición de Especie', 'Desarrollo de dietas para animales en peligro crítico con poblaciones mínimas', '2023-06-11'),
(131, 'Medicina de Animales', 'Biomecánica y prevención de lesiones en canguros, ranas y otros saltadores extremos', '2017-10-24'),
(132, 'Toxicología de Espec', 'Estudio de intoxicación por contaminantes en luciérnagas y peces luminosos', '2021-01-07'),
(133, 'Epidemiología de Enf', 'Investigación de patógenos encontrados en restos fósiles y momias animales', '2016-05-20'),
(134, 'Cirugía de Tejidos F', 'Técnicas para preservación de especímenes paleontológicos con fines médicos', '2022-12-13'),
(135, 'Medicina de Animales', 'Cuidado de robots biomiméticos y prótesis vivientes usados en investigación', '2020-07-06'),
(136, 'Cuidados Intensivos ', 'Protocolos para animales resucitados mediante criogenia o clonación', '2019-03-09'),
(137, 'Patología de Enferme', 'Análisis de virus y bacterias desaparecidos en especies relicto', '2024-04-22'),
(138, 'Radiología de Especi', 'Técnicas de imagen para diagnóstico en fauna menor a 1 cm (tardígrados, ácaros)', '2018-10-15'),
(139, 'Medicina Forense de ', 'Autopsias y análisis de restos de especies ya desaparecidas', '2023-01-28'),
(140, 'Medicina de Animales', 'Tratamiento de estrés en fauna usada en entornos digitales interactivos', '2017-02-08'),
(141, 'Medicina de Especies', 'Protocolos para posibles formas de vida extraterrestre en misiones espaciales', '2021-09-21'),
(142, 'Medicina de Animales', 'Cuidado de fauna diseñada para biosferas artificiales', '2016-10-04'),
(143, 'Medicina de Fauna de', 'Estudio de especies imaginarias en psicología animal aplicada', '2022-03-17'),
(144, 'Inmunología de Espec', 'Investigación de sistemas defensivos en medusas y otros animales con regeneración ilimitada', '2020-12-10'),
(145, 'Neonatología de Anim', 'Cuidado especializado para crías generadas por transferencia nuclear', '2019-06-23'),
(146, 'Geriatría de Especie', 'Manejo de ballenas, tortugas y otros animales centenarios', '2024-08-05'),
(147, 'Medicina del Comport', 'Etnología aplicada a posibles conductas de vida no terrestre', '2018-01-18'),
(148, 'Medicina Deportiva p', 'Prevención de atrofia muscular en fauna en misiones espaciales', '2023-05-31'),
(149, 'Cirugía Plástica de ', 'Reconstrucción en animales con alteraciones genéticas naturales', '2017-08-12'),
(150, 'Medicina de Animales', 'Teorización de tratamientos para hipotética fauna multiversal', '2021-04-25');

-- --------------------------------------------------------

--
-- Estructura de tabla para la tabla `tespecie`
--

CREATE TABLE `tespecie` (
  `id_especie` int(11) NOT NULL,
  `nom_especie` varchar(20) DEFAULT NULL,
  `foto` blob DEFAULT NULL,
  `descripcion` varchar(300) DEFAULT NULL
) ENGINE=InnoDB DEFAULT CHARSET=utf8mb4 COLLATE=utf8mb4_general_ci;

--
-- Volcado de datos para la tabla `tespecie`
--

INSERT INTO `tespecie` (`id_especie`, `nom_especie`, `foto`, `descripcion`) VALUES
(1, 'León', '', 'Majestuoso felino de melena dorada, rey de la sabana'),
(2, 'Tigre', '', 'Felino rayado naranja y negro, el más grande de su especie'),
(3, 'Oso pardo', '', 'Oso robusto de pelaje marrón, habita bosques norteños'),
(4, 'Oso polar', '', 'Oso blanco adaptado al Ártico, excelente nadador'),
(5, 'Oso de anteojos', '', 'Oso sudamericano con marcas faciales características'),
(6, 'Jaguar', '', 'Felino moteado, el más grande de América'),
(7, 'Leopardo', '', 'Felino ágil con pelaje moteado, gran trepador'),
(8, 'Guepardo', '', 'Felino más rápido del mundo, cuerpo aerodinamizado'),
(9, 'Puma', '', 'Gran felino americano también llamado león de montaña'),
(10, 'Lince ibérico', '', 'Felino en peligro crítico, orejas puntiagudas con penachos'),
(11, 'Lobo gris', '', 'Cánido social que vive en manadas, aullador característico'),
(12, 'Lobo ártico', '', 'Variante ártica del lobo, pelaje blanco espeso'),
(13, 'Zorro rojo', '', 'Zorro común de pelaje rojizo y cola espesa'),
(14, 'Zorro del desierto', '', 'Zorro adaptado a climas desérticos, orejas grandes'),
(15, 'Hiena rayada', '', 'Hiena con distintivas rayas verticales en el cuerpo'),
(16, 'Hiena manchada', '', 'Hiena de manchas irregulares, famosa por su risa'),
(17, 'Elefante africano', '', 'El mamífero terrestre más grande, orejas en forma de África'),
(18, 'Elefante asiático', '', 'Elefante más pequeño que el africano, orejas redondeadas'),
(19, 'Rinoceronte blanco', '', 'Rinoceronte de labio cuadrado, el más común'),
(20, 'Rinoceronte negro', '', 'Rinoceronte de labio ganchudo, más agresivo'),
(21, 'Hipopótamo', '', 'Mamífero semiacuático de gran tamaño y piel gruesa'),
(22, 'Jirafa', '', 'Animal más alto del mundo, cuello largo y patas altas'),
(23, 'Cebra', '', 'Equino de rayas negras y blancas características'),
(24, 'Búfalo africano', '', 'Bóvido africano de cuernos gruesos y peligroso'),
(25, 'Ñu', '', 'Antílope africano de cara alargada y cuernos curvos'),
(26, 'Impala', '', 'Antílope esbelto y rápido de color rojizo'),
(27, 'Gacela', '', 'Antílope pequeño y ágil de patas largas'),
(28, 'Antílope', '', 'Término genérico para diversos rumiantes cornudos'),
(29, 'Mono araña', '', 'Primate de extremidades largas y cola prensil'),
(30, 'Mono capuchino', '', 'Mono inteligente con capucha de pelo oscuro'),
(31, 'Mono aullador', '', 'Mono conocido por sus fuertes vocalizaciones'),
(32, 'Mono narigudo', '', 'Primate nasal prominente endémico de Borneo'),
(33, 'Gorila', '', 'Simio grande y fuerte de espalda plateada'),
(34, 'Chimpancé', '', 'Primo genético del humano, muy inteligente'),
(35, 'Orangután', '', 'Simio rojizo de largos brazos, arborícola'),
(36, 'Bonobo', '', 'Simio pequeño y pacífico, cercano al chimpancé'),
(37, 'Mandril', '', 'Primate colorido con hocico alargado'),
(38, 'Lemur', '', 'Prosimio de cola anillada, endémico de Madagascar'),
(39, 'Perezoso', '', 'Mamífero arbóreo de movimiento extremadamente lento'),
(40, 'Armadillo', '', 'Mamífero acorazado con placas óseas'),
(41, 'Oso hormiguero', '', 'Mamífero de hocico alargado y lengua pegajosa'),
(42, 'Tapir', '', 'Mamífero de nariz flexible, pariente de los rinocerontes'),
(43, 'Jabalí', '', 'Jabalí salvaje de colmillos prominentes'),
(44, 'Ciervo rojo', '', 'Ciervo grande con pelaje rojizo en verano'),
(45, 'Alce', '', 'El más grande de los cérvidos, con astas palmeadas'),
(46, 'Reno', '', 'Ciervo adaptado al frío, también llamado caribú'),
(47, 'Bisonte', '', 'Bóvido masivo que habitó las grandes llanuras'),
(48, 'Camello', '', 'Camélido de dos jorobas, adaptado a desiertos fríos'),
(49, 'Dromedario', '', 'Camélido de una joroba, común en África'),
(50, 'Llama', '', 'Camélido sudamericano de pelaje largo'),
(51, 'Alpaca', '', 'Camélido andino de fina lana, más pequeño que la llama'),
(52, 'Panda gigante', '', 'Oso blanco y negro que se alimenta de bambú'),
(53, 'Panda rojo', '', 'Mamífero rojizo parecido a un mapache, trepador'),
(54, 'Koala', '', 'Marsupial australiano que se alimenta de eucalipto'),
(55, 'Canguro', '', 'Marsupial saltador con bolsa ventral'),
(56, 'Ualabí', '', 'Marsupial más pequeño que el canguro'),
(57, 'Diablo de Tasmania', '', 'Marsupial carnívoro de Tasmania, de fuerte mandíbula'),
(58, 'Suricata', '', 'Pequeño mamífero social que vive en colonias'),
(59, 'Mangosta', '', 'Mamífero alargado que caza serpientes'),
(60, 'Nutria gigante', '', 'Nutria de río de gran tamaño, muy sociable'),
(61, 'Nutria marina', '', 'Nutria marina que usa herramientas para alimentarse'),
(62, 'Castor', '', 'Roedor constructor de diques, de cola plana'),
(63, 'Foca común', '', 'Foca común de pelaje grisáceo'),
(64, 'León marino', '', 'Pinnípedo con orejas externas, muy inteligente'),
(65, 'Morsa', '', 'Pinnípedo ártico con grandes colmillos'),
(66, 'Ballena jorobada', '', 'Cetáceo conocido por sus saltos acrobáticos'),
(67, 'Delfín nariz de bote', '', 'Delfín inteligente de hocico prominente'),
(68, 'Orca', '', 'Depredador marino blanco y negro, el más grande de los delfines'),
(69, 'Manatí', '', 'Mamífero marino herbívoro de movimientos lentos'),
(70, 'Tiburón blanco', '', 'Tiburón depredador más temido, de gran tamaño'),
(71, 'Tiburón ballena', '', 'Tiburón filtrador, el pez más grande del mundo'),
(72, 'Raya manta', '', 'Raya de gran tamaño con \"cuernos\" cefálicos'),
(73, 'Pez payaso', '', 'Pez anaranjado con rayas blancas, vive en anémonas'),
(74, 'Pez globo', '', 'Pez que se infla como mecanismo de defensa'),
(75, 'Pez espada', '', 'Pez de hocico alargado y aplanado'),
(76, 'Piraña', '', 'Pez depredador de dientes afilados, vive en cardumen'),
(77, 'Anguila eléctrica', '', 'Pez que genera descargas eléctricas para cazar'),
(78, 'Cocodrilo del Nilo', '', 'Reptil acuático grande y agresivo, de hocico triangular'),
(79, 'Caimán', '', 'Cocodrilo más pequeño, de hocico ancho'),
(80, 'Aligátor', '', 'Cocodrilo americano de hocico ancho'),
(81, 'Tortuga gigante', '', 'Tortuga terrestre gigante de las Galápagos'),
(82, 'Tortuga marina', '', 'Tortuga marina con aletas en lugar de patas'),
(83, 'Tortuga de río', '', 'Tortuga de agua dulce con caparazón aplanado'),
(84, 'Iguana', '', 'Lagarto grande, a menudo verde brillante'),
(85, 'Camaleón', '', 'Lagarto que cambia de color, ojos independientes'),
(86, 'Dragón de Komodo', '', 'El lagarto más grande del mundo, venenoso'),
(87, 'Serpiente pitón', '', 'Serpiente constrictora no venenosa de gran tamaño'),
(88, 'Anaconda', '', 'Serpiente constrictora acuática, la más pesada'),
(89, 'Cobra real', '', 'Serpiente venenosa con capucha extensible'),
(90, 'Víbora', '', 'Serpiente venenosa de colmillos retráctiles'),
(91, 'Águila real', '', 'Águila poderosa con plumas doradas en la nuca'),
(92, 'Águila calva', '', 'Águila emblemática de cabeza blanca'),
(93, 'Buitre leonado', '', 'Ave carroñera de cabeza desnuda'),
(94, 'Cóndor andino', '', 'El ave voladora más grande por envergadura'),
(95, 'Búho real', '', 'Búho grande con mechones de plumas en la cabeza'),
(96, 'Lechuza', '', 'Búho de disco facial blanco en forma de corazón'),
(97, 'Guacamayo azul', '', 'Guacamayo azul y amarillo de gran tamaño'),
(98, 'Guacamayo rojo', '', 'Guacamayo rojo con plumas azules y amarillas'),
(99, 'Tucán', '', 'Ave de pico enorme y colorido'),
(100, 'Loro gris', '', 'Loro gris famoso por su capacidad de hablar'),
(101, 'Cacatúa', '', 'Loro con cresta eréctil y colorida'),
(102, 'Flamenco', '', 'Ave rosada de patas largas y cuello curvo'),
(103, 'Pingüino emperador', '', 'El pingüino más grande, resistente al frío extremo'),
(104, 'Pingüino de Humboldt', '', 'Pingüino de clima templado con banda pectoral'),
(105, 'Avestruz', '', 'Ave no voladora más grande del mundo'),
(106, 'Emú', '', 'Ave no voladora australiana, segunda en tamaño'),
(107, 'Casuario', '', 'Ave no voladora grande y peligrosa de Australasia'),
(108, 'Kiwi', '', 'Ave no voladora pequeña y nocturna de Nueva Zelanda'),
(109, 'Pavo real', '', 'Ave con espectacular cola en abanico'),
(110, 'Gorrión', '', 'Pájaro pequeño y común de color pardo'),
(111, 'Pangolín', '', 'Mamífero escamoso que se enrolla como bola'),
(112, 'Quokka', '', 'Marsupial pequeño conocido como \"el más feliz del mundo\"'),
(113, 'Okapi', '', 'Mamífero africano parecido a cebra y jirafa'),
(114, 'Caracal', '', 'Felino africano de orejas puntiagudas con penachos'),
(115, 'Serval', '', 'Felino esbelto de patas largas y orejas grandes'),
(116, 'Dugongo', '', 'Mamífero marino herbívoro, pariente del manatí'),
(117, 'Narval', '', 'Cetáceo ártico con colmillo espiral característico'),
(118, 'Beluga', '', 'Cetáceo blanco conocido como \"ballena beluga\"'),
(119, 'Tapir malayo', '', 'Tapir asiático de dos colores en el cuerpo'),
(120, 'Saiga', '', 'Antílope de nariz bulbosa y extraña forma'),
(121, 'Bongo', '', 'Antílope forestal de cuernos en espiral'),
(122, 'Markhor', '', 'Cabra salvaje con cuernos en espiral impresionantes'),
(123, 'Takín', '', 'Bóvido de pelaje dorado y cuernos macizos'),
(124, 'Gaur', '', 'El bóvido más grande, parecido a un búfalo'),
(125, 'Babuino', '', 'Mono africano de colores brillantes en la cara'),
(126, 'Gibón', '', 'Simio pequeño de brazos largos, excelente braquiador'),
(127, 'Tarsero', '', 'Primate pequeño con ojos enormes, nocturno'),
(128, 'Lémur volador', '', 'Lémur planeador con membranas en los costados'),
(129, 'Pangolín gigante', '', 'Pangolín más grande, cubierto de escamas'),
(130, 'Quetzal', '', 'Ave mesoamericana de cola larga y plumaje verde'),
(131, 'Colibrí', '', 'Ave más pequeña del mundo, de vuelo rápido'),
(132, 'Calau', '', 'Ave de pico grande con casco óseo'),
(133, 'Martín pescador', '', 'Ave de colores brillantes que pesca en ríos'),
(134, 'Pelícano', '', 'Ave acuática de gran bolsa mandibular'),
(135, 'Garza real', '', 'Ave acuática de cuello largo y elegante'),
(136, 'Cisne negro', '', 'Ave negra de cuello largo y gracioso'),
(137, 'Cormorán', '', 'Ave buceadora de cuello largo y flexible'),
(138, 'Ibis escarlata', '', 'Ave roja brillante con pico curvo'),
(139, 'Águila harpía', '', 'El águila más poderosa de la selva tropical'),
(140, 'Halcón peregrino', '', 'El ave más rápida en vuelo picado'),
(141, 'Cárabo', '', 'Búho mediano de ojos negros y disco facial redondo'),
(142, 'Leopardo de las niev', '', 'Felino de montaña con pelaje gris y manchas'),
(143, 'Lobo de crin', '', 'Cánido sudamericano de patas largas y pelaje rojizo'),
(144, 'Dhole', '', 'Perro salvaje asiático de pelaje rojizo'),
(145, 'Panda menor', '', 'Mamífero parecido a un mapache rojizo'),
(146, 'Erizo europeo', '', 'Erizo cubierto de púas, se enrolla en bola'),
(147, 'Topo nariz estrellad', '', 'Topo con nariz en forma de estrella sensitiva'),
(148, 'Wombat', '', 'Marsupial australiano robusto y excavador'),
(149, 'Canguro arborícola', '', 'Marsupial arborícola de cola prensil'),
(150, 'Cuscús', '', 'Marsupial arborícola de ojos grandes y movimientos lentos');

-- --------------------------------------------------------

--
-- Estructura de tabla para la tabla `thabitat`
--

CREATE TABLE `thabitat` (
  `id_habitat` int(11) NOT NULL,
  `nom_habitat` varchar(30) DEFAULT NULL,
  `descripcion` varchar(300) DEFAULT NULL
) ENGINE=InnoDB DEFAULT CHARSET=utf8mb4 COLLATE=utf8mb4_general_ci;

--
-- Volcado de datos para la tabla `thabitat`
--

INSERT INTO `thabitat` (`id_habitat`, `nom_habitat`, `descripcion`) VALUES
(1, 'Bosques Andinos ', 'Un lugar de descanso y renovación.'),
(2, 'Sabana Africana', 'Cultura de conexión y comunidad.'),
(3, 'Hogar de paso ', 'Hogar de paso y ambiente acogedor.');

-- --------------------------------------------------------

--
-- Estructura de tabla para la tabla `thistoriaclinica`
--

CREATE TABLE `thistoriaclinica` (
  `id_historia_clinica` int(11) NOT NULL,
  `id_animal` int(11) DEFAULT NULL,
  `id_veterinario` int(11) DEFAULT NULL,
  `id_cuidador` int(11) DEFAULT NULL,
  `fecha_inicio_historia` date DEFAULT NULL,
  `fecha_fin_historia` date DEFAULT NULL
) ENGINE=InnoDB DEFAULT CHARSET=utf8mb4 COLLATE=utf8mb4_general_ci;

--
-- Volcado de datos para la tabla `thistoriaclinica`
--

INSERT INTO `thistoriaclinica` (`id_historia_clinica`, `id_animal`, `id_veterinario`, `id_cuidador`, `fecha_inicio_historia`, `fecha_fin_historia`) VALUES
(1, 27, 14, 27, '2020-03-15', '2023-10-22'),
(2, 53, 87, 83, '2020-03-16', '2023-10-23'),
(3, 89, 32, 15, '2020-03-17', '2023-10-24'),
(4, 12, 65, 92, '2020-03-18', '2023-10-25'),
(5, 45, 3, 41, '2020-03-19', '2023-10-26'),
(6, 78, 99, 67, '2020-03-20', '2023-10-27'),
(7, 3, 47, 110, '2020-03-21', '2023-10-28'),
(8, 66, 22, 5, '2020-03-22', '2023-10-29'),
(9, 34, 76, 73, '2020-03-23', '2023-10-30'),
(10, 91, 110, 32, '2020-03-24', '2023-10-31'),
(11, 110, 5, 98, '2020-03-25', '2023-11-01'),
(12, 5, 91, 19, '2020-03-26', '2023-11-02'),
(13, 77, 28, 56, '2020-03-27', '2023-11-03'),
(14, 29, 73, 104, '2020-03-28', '2023-11-04'),
(15, 102, 16, 8, '2020-03-29', '2023-11-05'),
(16, 14, 54, 89, '2020-03-30', '2023-11-06'),
(17, 63, 102, 45, '2020-03-31', '2023-11-07'),
(18, 88, 39, 12, '2020-04-01', '2023-11-08'),
(19, 41, 67, 76, '2020-04-02', '2023-11-09'),
(20, 7, 8, 37, '2020-04-03', '2023-11-10'),
(21, 96, 95, 101, '2020-04-04', '2023-11-11'),
(22, 18, 41, 63, '2020-04-05', '2023-11-12'),
(23, 52, 12, 22, '2020-04-06', '2023-11-13'),
(24, 105, 83, 94, '2020-04-07', '2023-11-14'),
(25, 37, 57, 50, '2020-04-08', '2023-11-15'),
(26, 80, 19, 3, '2020-04-09', '2023-11-16'),
(27, 9, 104, 71, '2020-04-10', '2023-11-17'),
(28, 71, 63, 108, '2020-04-11', '2023-11-18'),
(29, 26, 30, 34, '2020-04-12', '2023-11-19'),
(30, 99, 78, 17, '2020-04-13', '2023-11-20'),
(31, 48, 108, 85, '2020-04-14', '2023-11-21'),
(32, 83, 25, 58, '2020-04-15', '2023-11-22'),
(33, 21, 71, 10, '2020-04-16', '2023-11-23'),
(34, 64, 44, 97, '2020-04-17', '2023-11-24'),
(35, 107, 9, 44, '2020-04-18', '2023-11-25'),
(36, 32, 96, 79, '2020-04-19', '2023-11-26'),
(37, 75, 51, 26, '2020-04-20', '2023-11-27'),
(38, 16, 34, 110, '2020-04-21', '2023-11-28'),
(39, 93, 80, 61, '2020-04-22', '2023-11-29'),
(40, 55, 107, 7, '2020-04-23', '2023-11-30'),
(42, 19, 60, 48, '2020-04-25', '2023-12-02'),
(43, 68, 93, 29, '2020-04-26', '2023-12-03'),
(44, 39, 37, 87, '2020-04-27', '2023-12-04'),
(45, 104, 11, 66, '2020-04-28', '2023-12-05'),
(46, 25, 84, 14, '2020-04-29', '2023-12-06'),
(47, 72, 49, 99, '2020-04-30', '2023-12-07'),
(48, 10, 26, 38, '2020-05-01', '2023-12-08'),
(49, 85, 69, 74, '2020-05-02', '2023-12-09'),
(50, 44, 7, 21, '2020-05-03', '2023-12-10'),
(51, 97, 98, 106, '2020-05-04', '2023-12-11'),
(52, 6, 42, 53, '2020-05-05', '2023-12-12'),
(53, 61, 75, 4, '2020-05-06', '2023-12-13'),
(54, 24, 18, 80, '2020-05-07', '2023-12-14'),
(55, 100, 105, 35, '2020-05-08', '2023-12-15'),
(56, 49, 53, 109, '2020-05-09', '2023-12-16'),
(57, 82, 36, 62, '2020-05-10', '2023-12-17'),
(58, 15, 89, 18, '2020-05-11', '2023-12-18'),
(59, 70, 24, 91, '2020-05-12', '2023-12-19'),
(60, 33, 62, 47, '2020-05-13', '2023-12-20'),
(61, 94, 15, 25, '2020-05-14', '2023-12-21'),
(62, 57, 100, 70, '2020-05-15', '2023-12-22'),
(63, 8, 58, 110, '2020-05-16', '2023-12-23'),
(64, 76, 31, 16, '2020-05-17', '2023-12-24'),
(65, 31, 82, 84, '2020-05-18', '2023-12-25'),
(66, 106, 45, 59, '2020-05-19', '2023-12-26'),
(67, 42, 6, 9, '2020-05-20', '2023-12-27'),
(68, 73, 97, 102, '2020-05-21', '2023-12-28'),
(69, 20, 64, 40, '2020-05-22', '2023-12-29'),
(70, 95, 29, 75, '2020-05-23', '2023-12-30'),
(71, 54, 74, 31, '2020-05-24', '2023-12-31'),
(72, 109, 101, 105, '2020-05-25', '2024-01-01'),
(73, 13, 40, 52, '2020-05-26', '2024-01-02'),
(74, 67, 17, 6, '2020-05-27', '2024-01-03'),
(75, 35, 90, 78, '2020-05-28', '2024-01-04'),
(76, 90, 55, 43, '2020-05-29', '2024-01-05'),
(77, 22, 20, 100, '2020-05-30', '2024-01-06'),
(78, 74, 77, 24, '2020-05-31', '2024-01-07'),
(79, 1, 4, 69, '2020-06-01', '2024-01-08'),
(80, 60, 109, 11, '2020-06-02', '2024-01-09'),
(81, 103, 50, 96, '2020-06-03', '2024-01-10'),
(82, 38, 33, 55, '2020-06-04', '2024-01-11'),
(83, 79, 86, 20, '2020-06-05', '2024-01-12'),
(84, 11, 61, 82, '2020-06-06', '2024-01-13'),
(85, 69, 10, 33, '2020-06-07', '2024-01-14'),
(87, 101, 48, 60, '2020-06-09', '2024-01-16'),
(88, 47, 27, 2, '2020-06-10', '2024-01-17'),
(89, 86, 70, 88, '2020-06-11', '2024-01-18'),
(90, 17, 103, 49, '2020-06-12', '2024-01-19'),
(91, 92, 38, 13, '2020-06-13', '2024-01-20'),
(92, 51, 81, 72, '2020-06-14', '2024-01-21'),
(93, 4, 56, 39, '2020-06-15', '2024-01-22'),
(94, 65, 13, 110, '2020-06-16', '2024-01-23'),
(95, 36, 92, 28, '2020-06-17', '2024-01-24'),
(96, 87, 35, 95, '2020-06-18', '2024-01-25'),
(97, 23, 68, 54, '2020-06-19', '2024-01-26'),
(98, 59, 1, 1, '2020-06-20', '2024-01-27'),
(99, 98, 106, 77, '2020-06-21', '2024-01-28'),
(100, 43, 59, 42, '2020-06-22', '2024-01-29'),
(101, 84, 23, 110, '2020-06-23', '2024-01-30'),
(102, 2, 72, 30, '2020-06-24', '2024-01-31'),
(103, 56, 43, 86, '2020-06-25', '2024-02-01'),
(104, 112, 88, 57, '2020-06-26', '2024-02-02'),
(105, 30, 52, 23, '2020-06-27', '2024-02-03'),
(106, 81, 31, 93, '2020-06-28', '2024-02-04'),
(107, 40, 79, 51, '2020-06-29', '2024-02-05'),
(108, 58, 46, 7, '2020-06-30', '2024-02-06'),
(109, 46, 2, 65, '2020-07-01', '2024-02-07'),
(110, 112, 85, 36, '2020-07-02', '2024-02-08'),
(111, 122, 15, 44, '2020-07-03', '2024-02-09'),
(112, 113, 100, 79, '2020-07-04', '2024-02-10'),
(113, 143, 58, 26, '2020-07-05', '2024-02-11'),
(114, 137, 31, 110, '2020-07-06', '2024-02-12'),
(115, 121, 82, 61, '2020-07-07', '2024-02-13'),
(116, 139, 45, 7, '2020-07-08', '2024-02-14'),
(117, 130, 6, 103, '2020-07-09', '2024-02-15'),
(118, 117, 97, 48, '2020-07-10', '2024-02-16'),
(119, 146, 64, 29, '2020-07-11', '2024-02-17'),
(120, 140, 29, 87, '2020-07-12', '2024-02-18'),
(121, 148, 74, 66, '2020-07-13', '2024-02-19'),
(122, 124, 101, 14, '2020-07-14', '2024-02-20'),
(123, 128, 40, 99, '2020-07-15', '2024-02-21'),
(124, 132, 17, 38, '2020-07-16', '2024-02-22'),
(125, 119, 90, 74, '2020-07-17', '2024-02-23'),
(126, 111, 55, 21, '2020-07-18', '2024-02-24'),
(127, 144, 20, 106, '2020-07-19', '2024-02-25'),
(128, 135, 77, 53, '2020-07-20', '2024-02-26'),
(129, 129, 4, 4, '2020-07-21', '2024-02-27'),
(130, 138, 109, 80, '2020-07-22', '2024-02-28'),
(131, 114, 50, 35, '2020-07-23', '2024-02-29'),
(132, 147, 33, 109, '2020-07-24', '2024-03-01'),
(133, 120, 86, 62, '2020-07-25', '2024-03-02'),
(134, 126, 61, 18, '2020-07-26', '2024-03-03'),
(135, 131, 10, 91, '2020-07-27', '2024-03-04'),
(136, 118, 94, 47, '2020-07-28', '2024-03-05'),
(137, 145, 48, 25, '2020-07-29', '2024-03-06'),
(138, 149, 27, 70, '2020-07-30', '2024-03-07'),
(139, 112, 70, 110, '2020-07-31', '2024-03-08'),
(140, 134, 103, 16, '2020-08-01', '2024-03-09'),
(141, 115, 38, 84, '2020-08-02', '2024-03-10'),
(142, 150, 81, 59, '2020-08-03', '2024-03-11'),
(143, 125, 56, 9, '2020-08-04', '2024-03-12'),
(144, 123, 13, 102, '2020-08-05', '2024-03-13'),
(145, 133, 92, 40, '2020-08-06', '2024-03-14'),
(146, 136, 35, 75, '2020-08-07', '2024-03-15'),
(147, 116, 68, 31, '2020-08-08', '2024-03-16'),
(148, 142, 1, 105, '2020-08-09', '2024-03-17'),
(149, 141, 106, 52, '2020-08-10', '2024-03-18'),
(150, 127, 59, 6, '2020-08-11', '2024-03-19');

-- --------------------------------------------------------

--
-- Estructura de tabla para la tabla `tmedicamento`
--

CREATE TABLE `tmedicamento` (
  `id_medicamento` int(11) NOT NULL,
  `nom_medicamento` varchar(20) DEFAULT NULL,
  `descripcion_medicamento` varchar(300) DEFAULT NULL,
  `unidades` varchar(30) DEFAULT NULL,
  `fecha_fabricacion` date DEFAULT NULL,
  `fecha_vencimiento` date DEFAULT NULL,
  `tipo_medicamento` varchar(40) DEFAULT NULL,
  `laboratorio` varchar(40) DEFAULT NULL,
  `id_tratamiento` int(11) DEFAULT NULL
) ENGINE=InnoDB DEFAULT CHARSET=utf8mb4 COLLATE=utf8mb4_general_ci;

--
-- Volcado de datos para la tabla `tmedicamento`
--

INSERT INTO `tmedicamento` (`id_medicamento`, `nom_medicamento`, `descripcion_medicamento`, `unidades`, `fecha_fabricacion`, `fecha_vencimiento`, `tipo_medicamento`, `laboratorio`, `id_tratamiento`) VALUES
(1, 'Meloxicam', 'Antiflamatorio no esteroideo para dolor moderado', '300ml', '2023-05-10', '2025-05-10', 'Antibiotico y analgesicos', 'Zoetis', 23),
(2, 'Carprofeno', 'Para osteoartritis y dolor postquirúrgico', '200 tabletas', '2023-06-15', '2025-06-15', 'Antibiotico y analgesicos', 'Boehringer Ingelheim Animal Health', 56),
(3, 'Ketoprofeno', 'Antiinflamatorio de amplio espectro', '250ml', '2023-07-20', '2025-07-20', 'Antibiotico y analgesicos', 'Elanco Animal Health', 78),
(4, 'Flunixina meglumina', 'Para cólicos y procesos inflamatorios agudos', '100ml', '2023-08-12', '2025-08-12', 'Antibiotico y analgesicos', 'MSD Animal Health (Merck Animal Health)', 12),
(5, 'Dexametasona', 'Corticoide para inflamaciones severas', '150ml', '2023-09-05', '2025-09-05', 'Corticoide', 'Bayer Animal Health', 145),
(6, 'Enrofloxacina', 'Antibiótico de amplio espectro', '400ml', '2023-04-18', '2025-05-30', 'Quinolona', 'Virbac', 89),
(7, 'Amoxicilina + Ac. Cl', 'Infecciones bacterianas diversas', '300 tabletas', '2023-05-30', '2025-05-30', 'Penicilina', 'Vetoquinol', 34),
(8, 'Oxitetracilina', 'Para infecciones respiratorias y digestivas', '500g', '2023-03-22', '2025-03-22', 'Tetraciclina', 'Ceva Santé Animale', 67),
(9, 'Ceftiofur', 'Antibiotico de ultima generacion', '250ml', '2023-06-08', '2025-06-08', 'Cefalosporina', 'Dechra Veterinary Products', 9),
(10, 'Getamicina', 'Para infecciones graves', '200ml', '2023-07-14', '2025-07-14', 'Amiglucosido', 'IDEXX Laboratories', 132),
(11, 'Ivermectina', 'Antidoparasito de amplio espectro', '500ml', '2023-08-03', '2025-08-03', 'Avermectina', 'Heska Corporation', 47),
(12, 'Praziquantel', 'Para cestodos y trematodos', '300 tabletas', '2023-09-11', '2025-09-11', 'Antihelmintico', 'Phibro Animal Health', 91),
(13, 'Fenbemdazol', 'Para nematodos gastrointestinales', '400g', '2023-10-09', '2025-10-09', 'Benzimidazol', 'Neogen Corporation', 5),
(14, 'Selamectina', 'Antiparasitario externo e interno', '250 pipetas', '2023-11-07', '2025-11-07', 'Endectocida', 'Biogénesis Bagó', 118),
(15, 'Doramectina', 'Para acaros y parasitos internos', '300ml', '2023-12-05', '2025-12-05', 'Avermectina', 'Huvepharma', 72),
(16, 'Ketamina', 'Anestesico disociativo', '100ml', '2023-01-20', '2025-05-20', 'Analgesico', 'Kyoritsu Seiyaku', 104),
(17, 'Xilazina', 'Sedante y relajante musculas', '150ml', '2023-02-18', '2025-07-18', 'Sedante', 'Norbrook Laboratories', 38),
(18, 'Propofol', 'Analtesico intravenoso', '200ml', '2023-03-16', '2025-09-16', 'Analtesico', 'Chanelle Pharma', 126),
(19, 'Isoflurano', 'Analtesico inhalatorio', '250ml', '2023-04-14', '2025-12-14', 'Analtesico', 'Ecuphar', 15),
(20, 'Diazeoam', 'Sedante y anticonvulsionante', '300 tabletas', '2023-05-12', '2025-12-12', 'Benzodiazepina', 'Labiana Life Sciences', 83),
(21, 'Vitamina B12', 'Para enemias y trastornos neurologicos', '200ml', '2023-06-10', '2025-06-10', 'Vitamina', 'Ourofino Saúde Animal', 61),
(22, 'Vitamina E + Selenio', 'Antioxidante y para distrofias musculares', '250ml', '2023-07-08', '2025-07-09', 'Suplemento', 'Agener União', 29),
(23, 'Complejo B', 'Para estados carenciales', '300ml', '2023-08-06', '2025-08-06', 'Vitamina', 'Vecol', 137),
(24, 'Calcio + Fosforo', 'Para trastronos oseos y metabolicos', '400ml', '2023-09-04', '2025-09-04', 'Mineral', 'Syntec', 42),
(25, 'Aceite de higado de ', 'Fuente de vitaminas A y D', '500ml', '2023-10-02', '2025-10-02', 'Suplemento', 'Kela Laboratoria', 95),
(27, 'Suldasalazina', 'Para colitis y procesos intestinales', '250 tabletas', '2024-01-25', '2026-01-25', 'Antiinflamatorio intestinal', 'Hipra', 17),
(28, 'Lactobacillus', 'Probiotico para flora intestinal', '300g', '2024-02-22', '2026-02-22', 'Probiotico', 'Calier', 74),
(29, 'Aceite mineral', 'Laxante para impactaciones', '400ml', '2024-03-22', '2026-03-22', 'Laxante', 'Syva', 53),
(30, 'Cloranfenicol oftalm', 'Para conjuntivitis bacterianas', '100 tubos', '2024-04-19', '2026-04-19', 'Antibiotico oftalmico', 'Eurovet Animal Health', 121),
(31, 'Fluoresceina', 'Para deteccion de ulceras corneales', '50ml', '2024-05-17', '2026-05-17', 'Diagnostico', 'Alfasan', 8),
(32, 'Atropina oftalmica', 'Para uveitis y dolor ocular', '75ml', '2024-06-14', '2026-06-14', 'Midriatico', 'Krka Veterinary', 99),
(33, 'Lagrimas artificiale', 'Para ojo seco', '150 frascos', '2024-08-09', '2026-08-09', 'Lubricante', 'Animalcare Group', 31),
(34, 'Ciprofloxacina oftal', 'Antibiotico de amplio espectro', '125 tubos', '2024-07-12', '2026-07-12', 'Quinolona', 'Axcentive SARL', 116),
(35, 'Miconazol + Clorhexi', 'Para dermatomicosis', '200ml', '2024-09-06', '2026-09-06', 'Antifungico', 'Bioibérica', 64),
(36, 'Sulfadiazina de plat', 'Para quemaduras e infecciones cutaneas', '250g', '2024-10-04', '2026-10-04', 'Antibiotico topico', 'Bimeda Animal Health', 107),
(37, 'Povina yodada', 'Antiseptico de amplio espectro', '500ml', '2024-11-01', '2026-11-01', 'Antiseptico', 'Lohmann Animal Health', 20),
(38, 'Fipronil', 'Para pulgas y garrapatas', '300 pipetas', '2024-12-29', '2026-12-29', 'Ectoparasiticida', 'Miles Laboratories', 88),
(39, 'Hidrocortisona topic', 'Para dermatitis alergicas', '150g', '2025-01-26', '2027-01-26', 'Corticoide', 'Vétoquinol Canada', 139),
(40, 'Furosemida', 'Diuretico para insuficiencia cardiaca', '300 tabletas', '2025-02-23', '2027-02-23', 'Diuretico', 'Vitalis Animal Health', 51),
(41, 'Enalapril', 'Para hipertension e insuficiencia cardiaca', '250 tabletas', '2025-03-23', '2027-03-23', 'IECA', 'Vétoquinol India', 3),
(42, 'Diagoxina', 'Cardiotonico para arritmias', '200 tabletas', '2025-04-20', '2027-04-20', 'Glucosido', 'Vétoquinol Brasil', 124),
(43, 'Atenolol', 'Betabloqueante para taquiarritmias', '150 tabletas', '2025-05-18', '2027-05-18', 'Betabloqueante', 'Vétoquinol México', 70),
(44, 'Pimobendan', 'Para cardiomiopatias', '100 tabletas', '0000-00-00', '2027-06-15', 'Inodilatador', 'Vétoquinol España', 113),
(45, 'Aminofilina', 'Broncodilatador', '200ml', '2025-07-13', '2027-07-13', 'Metilxantina', 'Vétoquinol Francia', 26),
(46, 'Dezametasona inyecta', 'Para crisis asmaticas', '250ml', '2025-08-10', '2027-08-10', 'Corticoide', 'Vétoquinol Alemania', 79),
(47, 'Bromhexina', 'Mucolitico', '300ml', '2025-09-07', '2027-09-07', 'Mucolitico', 'Vétoquinol Italia', 142),
(48, 'Oxigeno medicinal', 'Para insuficiencia respiratoria', '50 balas', '2025-10-05', '2027-10-05', 'Gas medicinal', 'Vétoquinol UK', 45),
(49, 'Terbutalina', 'Broncodilatador de emergencia', '150ml', '2025-11-02', '2027-11-02', 'Betagonista', 'Vétoquinol Australia', 102),
(50, 'Insulina', 'Para diabetes mellitus', '300UI', '2025-12-30', '2027-12-30', 'Hormona', 'Vétoquinol Sudáfrica', 11),
(51, 'Levotiroxina', 'Para hipotiroidismo', '250 tabletas', '2026-01-27', '2028-01-27', 'Hormona tiroidea', 'Vétoquinol Japón', 58),
(52, 'Prednisolona', 'Coricoide de accion inmediata', '200ml', '2026-01-27', '2028-01-27', 'Corticoide', 'Vétoquinol China', 133),
(53, 'Oxitocina', 'Para partos distocicos', '150ml', '2026-03-24', '2028-04-21', 'Hormona', 'Vétoquinol Corea', 36),
(54, 'Medroxiprogesterona', 'Para control reproductivo', '100ml', '2026-04-21', '2028-04-21', 'Progestano', 'Vétoquinol Rusia', 97),
(55, 'Vincristina', 'Agente antineoplastico', '50ml', '2026-05-19', '2028-05-19', 'Alcaloide', 'Vétoquinol Argentina', 14),
(56, 'Ciclofosfamida', 'Quimioterapico', '100 tabletas', '2026-06-16', '2028-06-16', 'Alquilante', 'Vétoquinol Colombia', 81),
(57, 'Doxorrubicina', 'Para diversos tipos de cancer', '75ml', '2026-07-14', '2028-07-14', 'Antibiotico antitumoral', 'Vétoquinol Chile', 148),
(58, 'Lomustina', 'Para linfomas', '50 capsulas', '2026-08-11', '2028-08-11', 'Nitrosourea', 'Vétoquinol Perú', 22),
(59, 'Carboplatino', 'Para carcinomas', '25ml', '2026-09-08', '2028-09-08', 'Platino', 'Vétoquinol Venezuela', 65),
(60, 'Fenobarbital', 'Para epilepsia', '300 tabletas', '2026-10-06', '2028-10-06', 'Barbiturico', 'Vétoquinol Ecuador', 109),
(61, 'Levetiracetam', 'Anticonvulsivante de nueva generación', '250ml ', '2026-11-03', '2028-11-03', 'Pirrolidona', 'Vétoquinol Uruguay', 40),
(62, 'Potasio bromuro', 'Para epilepsia refractaria', '500g', '2026-12-31', '2028-12-31', 'Bromuro', 'Vétoquinol Paraguay', 123),
(63, 'Gabapentina', 'Para dolor neuropático y convulsiones', '200 cápsulas', '2027-01-28', '2029-01-02', 'Anticonvulsivante', 'Vétoquinol Bolivia', 7),
(64, 'Diazepam rectal', 'Para crisis convulsivas', '150 tubos', '2027-02-25', '2029-02-25', 'Benzodiazepina', 'Vétoquinol Costa Rica', 92),
(65, 'Prostaglandina F2α', 'Para inducción del parto', '100ml', '2027-03-25', '2029-03-25', 'Hormona', 'Vétoquinol Panamá', 150),
(66, 'Gonadorelina', 'Para sincronización de celos', '75ml', '2027-04-22', '2029-04-22', 'Hormona', 'Vétoquinol República Dominicana', 19),
(67, 'Altrenogest', 'Para sincronización estral', '250ml', '2027-05-20', '2029-05-20', 'Progestágeno', 'Vétoquinol Guatemala', 76),
(68, 'Estradiol cipionato ', 'Para inducción de celo', '150ml', '2027-06-17', '2029-06-17', 'Hormona', 'Vétoquinol Honduras', 129),
(69, 'Cloprostenol', 'Para piómetras y quistes ováricos', '200ml', '2027-07-15', '2029-07-15', 'Prostaglandina', 'Vétoquinol El Salvador', 48),
(70, 'Ciclosporina', 'Inmunosupresor', '100ml', '2027-08-12', '2029-08-12', 'Inmunomodulador', 'Vétoquinol Nicaragua', 85),
(71, 'Azatioprina', 'Para enfermedades autoinmunes', '150 tabletas', '2027-09-09', '2029-09-09', 'Inmunosupresor', 'Vétoquinol Belice', 112),
(72, 'Interferón omega', 'Para enfermedades virales', '50ml', '2027-10-07', '2029-10-07', 'Citocina', 'Vétoquinol Haití', 2),
(73, 'Pentoxifilina', 'Para mejorar circulación', '200 tabletas', '2027-11-04', '2029-11-04', 'Hemorreológico', 'Vétoquinol Jamaica', 71),
(74, 'Levamisol', 'Inmunoestimulante', '250ml', '2027-12-02', '2029-12-02', 'Inmunomodulador', 'Vétoquinol Trinidad y Tobago', 135),
(75, 'Aciclovir', 'Para herpesvirus', '150 tabletas', '2028-01-29', '2030-01-29', 'Antiviral', 'Vétoquinol Bahamas', 33),
(76, 'Ganciclovir', 'Para citomegalovirus', '100ml', '2028-02-26', '2030-02-26', 'Antiviral', 'Vétoquinol Barbados', 106),
(77, 'Interferón alfa', 'Para leucemia felina', '75ml', '2028-03-26', '2030-03-26', 'Antiviral', 'Vétoquinol Guyana', 54),
(78, 'Oseltamivir', 'Para influenza', '200 cápsulas', '2028-04-23', '2030-04-23', 'Antiviral', 'Vétoquinol Surinam', 119),
(79, 'Ribavirina', 'Para virus respiratorios', '150ml', '2028-05-21', '2030-05-21', 'Antiviral', 'Vétoquinol Aruba', 10),
(80, 'Aminoácidos esencial', 'Para soporte nutricional', '500ml', '2028-06-18', '2030-06-18', 'Nutricional', 'Vétoquinol Curazao', 87),
(81, 'Glucosa al 50%', 'Para hipoglucemias', '250ml', '2028-07-16', '2030-07-16', 'Nutricional', 'Vétoquinol Bonaire', 141),
(82, 'Lipidos intravenosos', 'Para nutrición parenteral', '300ml', '2028-08-13', '2030-08-13', 'Nutricional', 'Vétoquinol San Martín', 25),
(83, 'Electrolitos balance', 'Para desequilibrios hidroelectrolíticos', '400ml', '2028-09-10', '2030-09-10', 'Solución', 'Vétoquinol San Bartolomé', 68),
(84, 'Plasma fresco congel', 'Para coagulopatías', '50 bolsas', '2028-10-08', '2030-10-08', 'Hemoderivado', 'Vétoquinol San Cristóbal y Nieves', 94),
(85, 'Ofloxacina oftálmica', 'Para infecciones oculares', '125 tubos', '2028-11-05', '2030-11-05', 'Antibiótico', 'Vétoquinol San Vicente y las Granadinas', 117),
(86, 'Tobramicina oftálmic', 'Para úlceras corneales', '100 tubos', '2028-12-03', '2030-12-03', 'Antibiótico', 'Vétoquinol Santa Lucía', 4),
(87, 'Ciclopentolato', 'Para midriasis diagnóstica', '75ml', '2029-01-30', '2031-01-30', 'Midriático', 'Vétoquinol Granada', 59),
(88, 'Lodoxamida', 'Para conjuntivitis alérgicas', '150ml', '2029-02-27', '2031-02-27', 'Antialérgico', 'Vétoquinol Dominica', 130),
(89, 'Hialuronato sódico', 'Para queratoconjuntivitis seca', '200 frascos', '2029-03-27', '2031-03-27', 'Lubricante', 'Vétoquinol Antigua y Barbuda', 37),
(90, 'Doxiciclina aviar', 'Para psitacosis', '300g', '2029-04-24', '2031-04-24', 'Tetraciclina', 'Vétoquinol San Kitts y Nevis', 100),
(91, 'Enrofloxacina aviar', 'Para infecciones respiratorias', '250ml', '2029-05-22', '2031-05-22', 'Quinolona', 'Vétoquinol Anguila', 16),
(92, 'Fenbendazol aviar', 'Para parásitos internos', '400g', '2029-06-19', '2031-06-19', 'Antihelmíntico', 'Vétoquinol Montserrat', 73),
(93, 'Metronidazol aviar', 'Para protozoarios', '200 tabletas', '2029-07-17', '2031-07-17', 'Antiprotozoario', 'Vétoquinol Islas Vírgenes Británicas', 122),
(94, 'Itraconazol aviar', 'Para aspergilosis', '150ml', '2029-08-14', '2031-08-14', 'Antifúngico', 'Vétoquinol Islas Vírgenes Americanas', 49),
(95, 'Ceftazidima para rep', 'Para infecciones bacterianas', '100ml', '2029-09-11', '2031-09-11', 'Cefalosporina', 'Vétoquinol Puerto Rico', 90),
(96, 'Metronidazol para re', 'Para parásitos flagelados', '150 tabletas', '2029-10-09', '2031-10-09', 'Antiprotozoario', 'Vétoquinol Islas Caimán', 138),
(98, 'Ivermectina para rep', 'Para ácaros', '100ml', '2029-12-04', '2031-12-04', 'Ectoparasiticida', 'Vétoquinol Bermudas', 62),
(99, 'Calcio gluconato par', 'Para hipocalcemia', '300ml', '2030-01-31', '2032-01-31', 'Mineral', 'Vétoquinol Groenlandia', 105),
(100, 'Meloxicam para peque', 'Dosis ajustada', '150ml', '2030-02-28', '2032-02-28', 'AINE', 'Vétoquinol Islandia', 1),
(101, 'Enrofloxacina para r', 'Concentración específica', '200ml', '2030-03-28', '2032-03-28', 'Quinolona', 'Vétoquinol Noruega', 84),
(102, 'Fenbendazol para mus', 'Dosis especial', '250g', '2030-04-25', '2032-04-25', 'Antihelmíntico', 'Vétoquinol Suecia', 127),
(103, 'Clindamicina para co', 'Para infecciones óseas', '150ml', '2030-05-23', '2032-05-23', 'Lincosamida', 'Vétoquinol Finlandia', 30),
(104, 'Sulfadimetoxina para', 'Para coccidiosis', '300ml', '2030-06-20', '2032-06-20', 'Sulfamida', 'Vétoquinol Dinamarca', 111),
(105, 'Adrenalina', 'Para anafilaxia', '100 ampollas', '2030-07-18', '2032-07-18', 'Vasopresor', 'Vétoquinol Países Bajos', 57),
(106, 'Dextrano', 'Para expansión de volumen', '200 bolsas', '2030-09-12', '2032-09-12', 'Plasma expandidor', 'Vétoquinol Bélgica', 98),
(107, 'Heparina', 'Anticoagulante', '250ml', '2030-10-10', '2032-10-10', 'Anticoagulante', 'Vétoquinol Luxemburgo', 13),
(108, 'Naloxona', 'Antídoto para opioides', '100 ampollas', '2030-11-07', '2032-11-07', 'Antagonista', 'Vétoquinol Suiza', 66),
(109, 'Atropina', 'Para bradiarritmias', '150 ampollas', '2030-08-15', '2032-08-15', 'Anticolinérgico', 'Vétoquinol Austria', 143),
(110, 'Omeprazol', 'Protector gástrico', '300 tabletas', '2023-11-30', '2025-11-30', 'Inhibidor bomba', 'Vétoquinol República Checa', 44),
(111, 'Marbofloxacina', 'Antibiótico fluoroquinolónico para infecciones respiratorias', '500g', '2024-09-06', '2026-09-06', 'Antibiótico (Fluoroquinolona)', 'Vétoquinol Eslovaquia', 103),
(112, 'Tildipirosina', 'Macrólido de larga acción contra neumonías bovinas', '200 cápsulas', '2024-10-04', '2026-10-04', 'Antibiótico (Macrólido)', 'Vétoquinol Hungría', 24),
(113, 'Tulotromicina', 'Antibiótico para infecciones por Mycoplasma', '150 tubos', '2024-11-01', '2026-11-01', 'Antibiótico (Macrólido)', 'Vétoquinol Polonia', 77),
(114, 'Cefovecina', 'Cefalosporina de 3ra gen. con efecto prolongado', '100ml', '2024-12-29', '2026-12-29', 'Antibiótico (Cefalosporina 3ra gen.)', 'Vétoquinol Rumanía', 120),
(115, 'Moxidectina', 'Antiparasitario para ácaros y nematodos', '75ml', '2025-01-26', '2027-01-26', 'Antiparasitario (Acaricida/Nematicida)', 'Vétoquinol Bulgaria', 6),
(116, 'Eprinomectina', 'Endectocida para ganado lechero (sin período de retiro)', '250ml', '2025-02-23', '2027-02-23', 'Antiparasitario (Endectocida)', 'Vétoquinol Grecia', 93),
(117, 'Toltrazuril', 'Anticoccidial para aves y lechones', '150ml', '2025-03-23', '2027-03-23', 'Anticoccidial', 'Vétoquinol Turquía', 134),
(118, 'Imidocarb', 'Antiprotozoario contra babesiosis', '200ml', '2025-04-20', '2027-04-20', 'Antiprotozoario', 'Vétoquinol Israel', 35),
(119, 'Doxiciclina', 'Tetraciclina para enfermedades transmitidas por garrapatas', '100ml', '2025-05-18', '2027-05-18', 'Antibiótico (Tetraciclina)', 'Vétoquinol Egipto', 108),
(120, 'Florfenicol', 'Antibacteriano para infecciones oculares y respiratorias', '150 tabletas', '0000-00-00', '2027-06-15', 'Antibacteriano', 'Vétoquinol Marruecos', 60),
(122, 'Closantel', 'Antihelmíntico con acción contra trematodos', '200 tabletas', '2025-08-10', '2027-08-10', 'Antihelmíntico (Trematodicida)', 'Vétoquinol Túnez', 18),
(123, 'Trimetoprim-Sulfa', 'Combinación para infecciones urinarias', '250ml', '2025-09-07', '2027-09-07', 'Antibiótico (Combinación Sulfonamida)', 'Vétoquinol Libia', 75),
(124, 'Cefquinoma', 'Cefalosporina 4ta gen. para mastitis bovina', '150 tabletas', '2025-10-05', '2027-10-05', 'Antibiótico (Cefalosporina 4ta gen.)', 'Vétoquinol Sudán', 146),
(125, 'Dinalina', 'Inmunomodulador para parvovirus canino', '100ml', '2025-11-02', '2027-11-02', 'Inmunomodulador', 'Vétoquinol Etiopía', 41),
(126, 'Robenacoxib', 'AINE selectivo para dolor postquirúrgico', '75ml', '2025-12-30', '2027-12-30', 'Antiinflamatorio no esteroide (AINE sele', 'Vétoquinol Kenia', 96),
(127, 'Firocoxib', 'Antiinflamatorio para osteoartritis canina', '200 cápsulas', '2026-01-27', '2028-01-27', 'Antiinflamatorio no esteroide (AINE)', 'Vétoquinol Tanzania', 114),
(128, 'Grapiprant', 'Inhibidor de prostaglandinas para dolor crónico', '150ml', '2026-01-27', '2028-01-27', 'Antiinflamatorio (Inhibidor de prostagla', 'Vétoquinol Uganda', 28),
(129, 'Tepoxalina', 'AINE para mascotas exóticas', '500ml', '2026-03-24', '2028-04-21', 'Antiinflamatorio no esteroide (AINE)', 'Vétoquinol Ruanda', 82),
(130, 'Tramadol', 'Opioide para manejo de dolor moderado', '250ml', '2026-04-21', '2028-04-21', 'Analgésico opioide', 'Vétoquinol Burundi', 131),
(131, 'Maropitant', 'Antiemético para vómitos agudos', '300ml', '2026-05-19', '2028-05-19', 'Antiemético', 'Vétoquinol Mozambique', 50),
(132, 'Capromorelina', 'Estimulante de apetito en gatos', '400ml', '2026-06-16', '2028-06-16', 'Estimulante del apetito', 'Vétoquinol Angola', 101),
(133, 'Osaterona', 'Antiprogestágeno para piómetra', '50 bolsas', '2026-07-14', '2028-07-14', 'Antiprogestágeno', 'Vétoquinol Namibia', 147),
(134, 'Deslorelina', 'Implante anticonceptivo para perros', '125 tubos', '2026-08-11', '2028-08-11', 'Anticonceptivo (Implante hormonal)', 'Vétoquinol Botswana', 27),
(135, 'Afoxolaner', 'Isoxazolina contra pulgas/garrapatas', '100 tubos', '2026-09-08', '2028-09-08', 'Antiparasitario (Isoxazolina)', 'Vétoquinol Zimbabwe', 69),
(136, 'Sarolaner', 'Antiparasitario oral de amplio espectro', '75ml', '2026-10-06', '2028-10-06', 'Antiparasitario (Isoxazolina)', 'Vétoquinol Zambia', 115),
(137, 'Lotilaner', 'Acaricida para otodectes en gatos', '150ml', '2026-11-03', '2028-11-03', 'Antiparasitario (Isoxazolina)', 'Vétoquinol Malawi', 43),
(138, 'Fluralaner', 'Insecticida de acción prolongada', '200 frascos', '2026-12-31', '2028-12-31', 'Antiparasitario (Isoxazolina)', 'Vétoquinol Madagascar', 86),
(139, 'Selamectina + Sarola', 'Combinación antiparasitaria mensual', '300g', '2027-01-28', '2029-01-02', 'Antiparasitario (Combinación)', 'Vétoquinol Mauricio', 140),
(140, 'Bedaquilina', 'Antituberculoso para primates', '250ml', '2027-02-25', '2029-02-25', 'Antituberculoso', 'Vétoquinol Seychelles', 52),
(141, 'Pimobendan', 'Cardiotónico para insuficiencia mitral', '400g', '2027-03-25', '2029-03-25', 'Cardiotónico', 'Vétoquinol Comoras', 99),
(142, 'Clopidogrel', 'Antiagregante plaquetario', '200 tabletas', '2027-04-22', '2029-04-22', 'Antiagregante plaquetario', 'Vétoquinol Mayotte', 32),
(143, 'Amiodarona', 'Antiarrítmico para taquicardias ventriculares', '150ml', '2027-05-20', '2029-05-20', 'Antiarrítmico', 'Vétoquinol Reunión', 128),
(144, 'Spironolactona', 'Diurético ahorrador de potasio', '100ml', '2027-06-17', '2029-06-17', 'Diurético', 'Vétoquinol Santa Elena', 55),
(145, 'Marbofloxacina + Clo', 'Ótico para otitis bacteriana/fúngica', '150 tabletas', '2027-07-15', '2029-07-15', 'Antibiótico + Antifúngico (Ótico)', 'Ecuphar  ', 80),
(146, 'Posaconazol', 'Antifúngico para aspergilosis aviar', '200ml', '2027-08-12', '2029-08-12', 'Antifúngico (Triazol)', 'Ecuphar  ', 149),
(147, 'Terbinafina', 'Para dermatofitosis en hurones', '100ml', '2027-09-09', '2029-09-09', 'Antifúngico (Alilamina)', 'Ecuphar  ', 46),
(148, 'Nitenpiram', 'Insecticida oral de acción rápida', '300ml', '2027-10-07', '2029-10-07', 'Insecticida', 'Ecuphar  ', 93),
(149, 'Regorafenib', 'Antineoplásico para tumores mamarios', '150ml', '2027-11-04', '2029-11-04', 'Antineoplásico', 'Ecuphar  ', 63),
(150, 'Toceranib', 'Inhibidor de tirosina quinasa para mastocitomas', '200ml', '2027-12-02', '2029-12-02', 'Antineoplásico (Inhibidor de tirosina qu', 'Ecuphar  ', 136);

-- --------------------------------------------------------

--
-- Estructura de tabla para la tabla `tpaisdeorigen`
--

CREATE TABLE `tpaisdeorigen` (
  `id_pais_origen` int(11) NOT NULL,
  `nom_pais_origen` varchar(25) DEFAULT NULL,
  `descripcion` varchar(300) DEFAULT NULL
) ENGINE=InnoDB DEFAULT CHARSET=utf8mb4 COLLATE=utf8mb4_general_ci;

--
-- Volcado de datos para la tabla `tpaisdeorigen`
--

INSERT INTO `tpaisdeorigen` (`id_pais_origen`, `nom_pais_origen`, `descripcion`) VALUES
(1, 'Afganistán  ', 'Nación montañosa y sin litoral en Asia Central con rica historia cultural'),
(2, 'Albania  ', 'Pequeño país balcánico con costas en el Adriático y paisajes montañosos'),
(3, 'Alemania  ', 'Potencia económica europea conocida por su eficiencia y patrimonio histórico'),
(4, 'Andorra  ', 'Pequeño principado pirenaico conocido como paraíso fiscal y de esquí'),
(5, 'Angola  ', 'País del suroeste africano con vastos recursos naturales y diamantes'),
(6, 'Antigua y Barbuda  ', 'Estado insular caribeño formado por dos islas principales con playas paradisíacas'),
(7, 'Arabia Saudita  ', 'Monarquía petrolera del Golfo Pérsico con sitios sagrados islámicos'),
(8, 'Argelia  ', 'Nación norteafricana más grande, con vasto desierto del Sahara'),
(9, 'Argentina  ', 'País sudamericano de extensas pampas, tango y ricos recursos agrícolas'),
(10, 'Armenia  ', 'Nación caucásica con antigua historia cristiana y paisajes montañosos'),
(11, 'Australia  ', 'Continente-isla con diversidad ecológica única y fauna endémica'),
(12, 'Austria  ', 'País alpino europeo con rico legado musical y arquitectónico barroco'),
(13, 'Azerbaiyán  ', 'País euroasiático entre el Cáucaso y el Mar Caspio, rico en petróleo'),
(14, 'Bahamas  ', 'Archipiélago atlántico con aguas cristalinas y centros financieros offshore'),
(15, 'Bangladés  ', 'País del delta del Ganges con alta densidad poblacional y vulnerabilidad climática'),
(16, 'Barbados  ', 'Isla caribeña de cultura británica influyente y playas de arena blanca'),
(17, 'Baréin  ', 'Pequeño emirato del Golfo con economía basada en petróleo y gas'),
(18, 'Bélgica  ', 'País europeo sede de la UE y la OTAN, con divisiones lingüísticas'),
(19, 'Belice  ', 'Pequeña nación centroamericana con arrecifes de coral y selvas mayas'),
(20, 'Benín  ', 'País de África Occidental cuna del vudú y antiguos reinos dahomeyanos'),
(21, 'Bielorrusia  ', 'Estado postsoviético sin litoral conocido como \"la última dictadura de Europa\"'),
(22, 'Birmania (Myanmar)  ', 'Nación del sudeste asiático en transición democrática tras régimen militar'),
(23, 'Bolivia  ', 'País andino sin litoral con altiplano y salares más grandes del mundo'),
(24, 'Bosnia y Herzegovina  ', 'Nación balcánica con compleja diversidad étnica y herencia de guerra reciente'),
(25, 'Botsuana  ', 'País estable del sur africano con desierto de Kalahari y minería de diamantes'),
(26, 'Brasil  ', 'Gigante sudamericano con selva amazónica y fuerte industria agropecuaria'),
(27, 'Brunéi  ', 'Pequeño sultanato petrolero en la isla de Borneo con monarquía absoluta'),
(28, 'Bulgaria  ', 'País balcánico miembro de la UE con costa en el Mar Negro y montañas'),
(29, 'Burkina Faso  ', 'Estado del Sahel africano con desafíos de desertificación y pobreza'),
(30, 'Burundi  ', 'Pequeña nación africana sin litoral con alta densidad poblacional y conflictos'),
(31, 'Bután  ', 'Reino budista himalayo que mide su desarrollo con Felicidad Nacional Bruta'),
(32, 'Cabo Verde  ', 'Archipiélago atlántico africano con economía emergente y estabilidad política'),
(33, 'Camboya  ', 'Reino del sudeste asiático con templos angkorianos y pasado colonial'),
(34, 'Camerún  ', 'País centroafricano con diversidad étnica y lingüística, llamado \"África en miniatura\"'),
(35, 'Canadá  ', 'Vasto país norteamericano con diversidad natural y sistema federal descentralizado'),
(36, 'Catar  ', 'Emirato del Golfo rico en gas natural con altísimo PIB per cápita'),
(37, 'Chad  ', 'País saheliano sin litoral con desafíos climáticos y humanitarios'),
(38, 'Chequia (República Checa)', 'Nación centroeuropea postsoviética con rico patrimonio arquitectónico'),
(39, 'Chile  ', 'País sudamericano largo y estrecho con desierto, viñas y glaciares'),
(40, 'China  ', 'Gigante asiático con civilización milenaria y economía de mercado socialista'),
(41, 'Chipre  ', 'Isla mediterránea dividida con herencia griega y turca, miembro de la UE'),
(42, 'Colombia  ', 'País megadiverso con costa en dos océanos y gran biodiversidad'),
(43, 'Comoras  ', 'Pequeño archipiélago africano en el Índico con inestabilidad política'),
(44, 'Corea del Norte  ', 'Estado aislado comunista con programa nuclear y economía centralizada'),
(45, 'Corea del Sur  ', 'País tecnológicamente avanzado con cultura pop global y división peninsular'),
(46, 'Costa de Marfil  ', 'Nación de África Occidental mayor productor mundial de cacao'),
(47, 'Costa Rica  ', 'País centroamericano pionero en ecoturismo y sin ejército permanente'),
(48, 'Croacia  ', 'Nación balcánica con costa adriática y patrimonio histórico dálmata'),
(49, 'Cuba  ', 'Isla caribeña con sistema socialista y embargo comercial estadounidense'),
(50, 'Dinamarca  ', 'Monarquía escandinava con estado de bienestar y territorios autónomos'),
(51, 'Dominica  ', 'Pequeña isla caribeña de naturaleza volcánica llamada \"Isla Naturaleza\"'),
(52, 'Ecuador  ', 'País megadiverso andino con selva amazónica y islas Galápagos'),
(53, 'Egipto  ', 'Civilización milenaria del Nilo con patrimonio faraónico y rápido crecimiento'),
(54, 'El Salvador  ', 'Pequeño país centroamericano con alta densidad poblacional y actividad volcánica'),
(55, 'Emiratos Árabes Unidos  ', 'Federación de emiratos ricos en petróleo con ciudades ultramodernas'),
(56, 'Eritrea  ', 'Estado del Cuerno Africano con servicio militar obligatorio y salida al Mar Rojo'),
(57, 'Eslovaquia  ', 'País centroeuropeo postsoviético miembro de la zona euro'),
(58, 'Eslovenia  ', 'Pequeña nación alpina eslava con costa adriática y estabilidad económica'),
(59, 'España  ', 'Nación ibérica diversa con autonomías regionales y fuerte identidad cultural'),
(60, 'Estados Unidos  ', 'Superpotencia global con influencia económica, militar y cultural mundial'),
(61, 'Estonia  ', 'País báltico digitalizado con herencia hanseática y alta conectividad'),
(62, 'Esuatini (Suazilandia)  ', 'Pequeño reino africano sin litoral con monarquía absoluta'),
(63, 'Etiopía  ', 'País del Cuerno de África con antigua historia imperial y capital de la UA'),
(64, 'Filipinas  ', 'Archipiélago asiático con economía emergente y gran diáspora laboral'),
(65, 'Finlandia  ', 'Nación nórdica con vastos bosques y sistema educativo ejemplar'),
(66, 'Fiyi  ', 'Archipiélago melanesio con tradiciones culturales únicas y golpes de estado'),
(67, 'Francia  ', 'Potencia cultural europea con influencia global y territorio ultramarino'),
(68, 'Gabón  ', 'País centroafricano cubierto por selva y productor de petróleo'),
(69, 'Gambia  ', 'Pequeña nación fluvial africana enclavada en Senegal'),
(70, 'Georgia  ', 'País caucásico en la encrucijada entre Europa y Asia'),
(71, 'Ghana  ', 'Nación de África Occidental estable y democrática con crecimiento económico'),
(72, 'Granada  ', 'Pequeña isla caribeña llamada \"Isla de las Especias\"'),
(73, 'Grecia  ', 'Cuna de la civilización occidental con patrimonio clásico e islas paradisíacas'),
(74, 'Guatemala  ', 'País centroamericano con herencia maya y volcanes activos'),
(75, 'Guinea  ', 'País de África Occidental con recursos minerales pero inestabilidad política'),
(76, 'Guinea-Bisáu  ', 'Pequeña nación africana lusófona con agricultura de subsistencia'),
(77, 'Guinea Ecuatorial  ', 'País centroafricano petrolero con gobierno autoritario'),
(78, 'Guyana  ', 'País sudamericano anglófono con selvas y tradición arrocera'),
(79, 'Haití  ', 'Nación caribeña más pobre con crisis humanitarias recurrentes'),
(80, 'Honduras  ', 'País centroamericano con altos índices de violencia y biodiversidad'),
(81, 'Hungría  ', 'Nación centroeuropea con idioma único y tradición termal'),
(82, 'India  ', 'Subcontinente asiático con diversidad cultural y crecimiento económico'),
(83, 'Indonesia  ', 'Archipiélago más grande del mundo con gran diversidad étnica y religiosa'),
(84, 'Irak  ', 'País del Medio Oriente con herencia mesopotámica e inestabilidad reciente'),
(85, 'Irán  ', 'Nación persa con influencia regional y programa nuclear'),
(86, 'Irlanda  ', 'Isla europea con economía de tigre celta y división política'),
(87, 'Islandia  ', 'Isla nórdica con actividad volcánica y energías renovables'),
(88, 'Islas Marshall  ', 'Pequeño estado insular micronesio afectado por cambio climático'),
(89, 'Islas Salomón  ', 'Archipiélago melanesio con biodiversidad marina y lenguas indígenas'),
(90, 'Israel  ', 'Estado judío con conflictos territoriales y alta tecnología'),
(91, 'Italia  ', 'Península europea con patrimonio artístico y diversidad regional'),
(92, 'Jamaica  ', 'Isla caribeña con cultura rastafari y herencia británica'),
(93, 'Japón  ', 'Archipiélago asiático tecnológicamente avanzado con monarquía constitucional'),
(94, 'Jordania  ', 'Reino hachemita con sitios sagrados y escasez de agua'),
(95, 'Kazajistán  ', 'Vasta estepa centroasiática rica en recursos naturales'),
(96, 'Kenia  ', 'País del este africano líder en atletismo y safaris'),
(97, 'Kirguistán  ', 'República montañosa centroasiática con pastores nómadas'),
(98, 'Kiribati  ', 'Pequeño atolón del Pacífico amenazado por aumento del nivel del mar'),
(99, 'Kuwait  ', 'Emirato petrolero del Golfo con sistema político tradicional'),
(100, 'Laos  ', 'Nación del sudeste asiático sin litoral y de mayoría budista'),
(101, 'Lesoto  ', 'Reino africano enclavado dentro de Sudáfrica'),
(102, 'Letonia  ', 'País báltico con herencia soviética y rápido crecimiento'),
(103, 'Líbano  ', 'País mediterráneo con diversidad religiosa y crisis de refugiados'),
(104, 'Liberia  ', 'Nación de África Occidental fundada por esclavos liberados'),
(105, 'Libia  ', 'País norteafricano con vastas reservas de petróleo y desierto'),
(106, 'Liechtenstein  ', 'Pequeño principado alpino con sistema financiero offshore'),
(107, 'Lituania  ', 'País báltico con costa arenosa y herencia medieval'),
(108, 'Luxemburgo  ', 'Gran ducado europeo con alto PIB per cápita y bancos'),
(109, 'Macedonia del Norte  ', 'Estado balcánico con disputa de nombre reciente resuelta'),
(110, 'Madagascar  ', 'Gran isla africana con biodiversidad única y endemismos'),
(111, 'Malasia  ', 'Nación del sudeste asiático con selvas y diversidad étnica'),
(112, 'Malaui  ', 'País africano sin litoral con lago Malawi y agricultura de subsistencia'),
(113, 'Maldivas  ', 'Archipiélago del Índico con atolones y turismo de lujo'),
(114, 'Malí  ', 'País saheliano extenso con desafíos de seguridad'),
(115, 'Malta  ', 'Pequeña isla mediterránea con herencia histórica estratificada'),
(116, 'Marruecos  ', 'Reino magrebí con costa atlántica y mediterránea'),
(117, 'Mauricio  ', 'Isla del Índico con economía diversificada y población multicultural'),
(118, 'Mauritania  ', 'País sahariano con minería de hierro y formas de esclavitud persistentes'),
(119, 'México  ', 'Nación norteamericana con herencia mesoamericana y economía emergente'),
(120, 'Micronesia  ', 'Estados federados de Micronesia con atolones y economía frágil'),
(121, 'Moldavia  ', 'País postsoviético entre Rumanía y Ucrania con conflicto territorial'),
(122, 'Mónaco  ', 'Ciudad-estado europea conocida por casino y Grand Prix'),
(123, 'Mongolia  ', 'Vasta estepa asiática con tradición nómada y baja densidad poblacional'),
(124, 'Montenegro  ', 'Pequeño país balcánico con costa adriática y aspiración europea'),
(125, 'Mozambique  ', 'País del sureste africano con recursos naturales y corredor de Nacala'),
(126, 'Namibia  ', 'Estado del suroeste africano con desierto de Namib y estabilidad política'),
(127, 'Nauru  ', 'Pequeña isla-estado del Pacífico rica en fosfatos'),
(128, 'Nepal  ', 'Reino himalayo con monte Everest y cultura única'),
(129, 'Nicaragua  ', 'País centroamericano con lagos volcánicos y bajos ingresos'),
(130, 'Níger  ', 'Estado saheliano con altas tasas de fertilidad y desertificación'),
(131, 'Nigeria  ', 'Gigante africano con mayor población del continente y economía petrolera'),
(132, 'Noruega  ', 'Nación nórdica con fiordos, petróleo y estado de bienestar'),
(133, 'Nueva Zelanda  ', 'Archipiélago del Pacífico con paisajes espectaculares y cultura maorí'),
(134, 'Omán  ', 'Sultanato árabe con estratégica ubicación en el estrecho de Ormuz'),
(135, 'Países Bajos  ', 'País bajo europeo con molinos, tulipanes y políticas liberales'),
(136, 'Pakistán  ', 'Nación del sur asiático con arsenal nuclear e inestabilidad política'),
(137, 'Palaos  ', 'Pequeño archipiélago del Pacífico con arrecifes y cultura palauana'),
(138, 'Panamá  ', 'Istmo centroamericano con canal interoceánico y biodiversidad'),
(139, 'Papúa Nueva Guinea  ', 'Nación melanesia con selvas y diversidad lingüística extrema'),
(140, 'Paraguay  ', 'País sudamericano sin litoral con gran producción hidroeléctrica'),
(141, 'Perú  ', 'País andino con herencia inca, selva amazónica y gastronomía reconocida'),
(142, 'Polonia  ', 'Nación centroeuropea con historia compleja y rápido desarrollo reciente'),
(143, 'Portugal  ', 'País ibérico con herencia marítima y clima mediterráneo'),
(144, 'Reino Unido  ', 'Monarquía constitucional insular con influencia global y Commonwealth'),
(145, 'República Centroafricana ', 'País centroafricano con conflictos étnicos y recursos minerales'),
(146, 'República Democrática del', 'Nación africana francófona con vastos recursos naturales y violencia'),
(147, 'República Dominicana  ', 'Destino turístico caribeño con industria azucarera y béisbol'),
(148, 'República del Congo  ', 'País centroafricano petrolero con selva del Congo'),
(149, 'Ruanda  ', 'Pequeña nación africana con progreso notable tras genocidio'),
(150, 'Rumanía  ', 'País balcánico con costa en el Mar Negro y herencia latina'),
(151, 'Rusia  ', 'Gigante euroasiático con vastos recursos naturales y poder militar'),
(152, 'Samoa  ', 'Nación polinesia con tradiciones fa\'a Samoa y emigración importante'),
(153, 'San Cristóbal y Nieves  ', 'Pequeña federación caribeña de dos islas'),
(154, 'San Marino  ', 'Microestado italiano con antigua república independiente'),
(155, 'San Vicente y las Granadi', 'Estado caribeño de las Antillas Menores con playas volcánicas'),
(156, 'Santa Lucía  ', 'Isla caribeña con paisajes exuberantes y cultura criolla'),
(157, 'Santo Tomé y Príncipe  ', 'Pequeño archipiélago africano en el Golfo de Guinea'),
(158, 'Senegal  ', 'País de África Occidental con estabilidad democrática y cultura teranga'),
(159, 'Serbia  ', 'Estado balcánico con aspiraciones europeas y pasado yugoslavo'),
(160, 'Seychelles  ', 'Archipiélago del Índico con turismo de lujo y reservas naturales'),
(161, 'Sierra Leona  ', 'País de África Occidental con recursos minerales y desarrollo humano bajo'),
(162, 'Singapur  ', 'Ciudad-estado global con economía avanzada y estrictas leyes'),
(163, 'Siria  ', 'Nación del Levante mediterráneo con guerra civil en curso'),
(164, 'Somalia  ', 'Estado fallido del Cuerno Africano con piratería y conflictos'),
(165, 'Sri Lanka  ', 'Isla del Índico con herencia budista y playas paradisíacas'),
(166, 'Sudáfrica  ', 'País del extremo sur africano con diversidad y economía más desarrollada'),
(167, 'Sudán  ', 'Nación del Nilo con historia antigua y reciente división'),
(168, 'Sudán del Sur  ', 'Estado más joven del mundo con vastas reservas petroleras'),
(169, 'Suecia  ', 'Nación escandinava con innovación, igualdad de género y ABBA'),
(170, 'Suiza  ', 'País alpino con neutralidad, bancos y calidad de vida'),
(171, 'Surinam  ', 'Pequeña nación sudamericana con selva y población diversa'),
(172, 'Tailandia  ', 'Reino del sudeste asiático con monarquía reverenciada y turismo'),
(173, 'Taiwán', 'Territorio autónomo no reconocido con economía tecnológica'),
(174, 'Tanzania  ', 'País del este africano con monte Kilimanjaro y safaris'),
(175, 'Tayikistán  ', 'República montañosa centroasiática con herencia persa'),
(176, 'Timor Oriental  ', 'Pequeña nación del sudeste asiático con reciente independencia'),
(177, 'Togo  ', 'País de África Occidental con costa corta y agricultura de subsistencia'),
(178, 'Tonga  ', 'Reino polinesio con monarquía constitucional y tradiciones'),
(179, 'Trinidad y Tobago  ', 'Estado insular caribeño con reservas de gas y diversidad étnica'),
(180, 'Túnez  ', 'País del Magreb con herencia cartaginesa y revolución reciente'),
(181, 'Turkmenistán  ', 'Estado centroasiático con reservas de gas y gobierno autoritario'),
(182, 'Turquía  ', 'País euroasiático con posición estratégica entre continentes'),
(183, 'Tuvalu  ', 'Pequeña isla-estado del Pacífico amenazada por cambio climático'),
(184, 'Ucrania  ', 'Nación del este europeo con conflicto territorial y gran agricultura'),
(185, 'Uganda  ', 'País del este africano sin litoral con lago Victoria y crecimiento'),
(186, 'Uruguay  ', 'Nación sudamericana con alta calidad de vida y estabilidad'),
(187, 'Uzbekistán  ', 'República centroasiática con herencia timúrida y agricultura'),
(188, 'Vanuatu  ', 'Archipiélago melanesio con volcanes activos y economía frágil'),
(189, 'Venezuela  ', 'País sudamericano con mayores reservas petroleras y crisis política'),
(190, 'Vietnam  ', 'Nación del sudeste asiático con crecimiento económico rápido y guerra reciente'),
(191, 'Yemen  ', 'País árabe pobre con crisis humanitaria y posición estratégica'),
(192, 'Yibuti  ', 'Pequeña nación del Cuerno Africano con base militar extranjera'),
(193, 'Zambia  ', 'Paño del sur de África con cobre y cataratas Victoria'),
(194, 'Zimbabue  ', 'Estado del sur africano con hiperinflación y crisis política');

-- --------------------------------------------------------

--
-- Estructura de tabla para la tabla `traza`
--

CREATE TABLE `traza` (
  `id_raza` int(11) NOT NULL,
  `foto` blob DEFAULT NULL,
  `nom_raza` varchar(30) DEFAULT NULL,
  `descripcion` varchar(300) DEFAULT NULL
) ENGINE=InnoDB DEFAULT CHARSET=utf8mb4 COLLATE=utf8mb4_general_ci;

--
-- Volcado de datos para la tabla `traza`
--

INSERT INTO `traza` (`id_raza`, `foto`, `nom_raza`, `descripcion`) VALUES
(1, '', 'León africano', 'Majestuoso felino de melena dorada, rey de la sabana'),
(2, '', 'Tigre de Bengala', 'Felino rayado naranja y negro, el más grande de su especie'),
(3, '', 'Oso pardo europeo', 'Oso robusto de pelaje marrón, habita bosques norteños'),
(4, '', 'Oso polar', 'Oso blanco adaptado al Ártico, excelente nadador'),
(5, '', 'Oso de anteojos', 'Oso sudamericano con marcas faciales características'),
(6, '', 'Jaguar sudamericano', 'Felino moteado, el más grande de América'),
(7, '', 'Leopardo africano', 'Felino ágil con pelaje moteado, gran trepador'),
(8, '', 'Guepardo del Serengeti', 'Felino más rápido del mundo, cuerpo aerodinamizado'),
(9, '', 'Puma norteamericano', 'Gran felino americano también llamado león de montaña'),
(10, '', 'Lince ibérico', 'Felino en peligro crítico, orejas puntiagudas con penachos'),
(11, '', 'Lobo gris mexicano', 'Cánido social que vive en manadas, aullador característico'),
(12, '', 'Lobo ártico', 'Variante ártica del lobo, pelaje blanco espeso'),
(13, '', 'Zorro rojo europeo', 'Zorro común de pelaje rojizo y cola espesa'),
(14, '', 'Zorro del desierto', 'Zorro adaptado a climas desérticos, orejas grandes'),
(15, '', 'Hiena rayada', 'Hiena con distintivas rayas verticales en el cuerpo'),
(16, '', 'Hiena manchada', 'Hiena de manchas irregulares, famosa por su risa'),
(17, '', 'Elefante de sabana', 'El mamífero terrestre más grande, orejas en forma de África'),
(18, '', 'Elefante asiático de bosque', 'Elefante más pequeño que el africano, orejas redondeadas'),
(19, '', 'Rinoceronte blanco del sur', 'Rinoceronte de labio cuadrado, el más común'),
(20, '', 'Rinoceronte negro oriental', 'Rinoceronte de labio ganchudo, más agresivo'),
(21, '', 'Hipopótamo común', 'Mamífero semiacuático de gran tamaño y piel gruesa'),
(22, '', 'Jirafa masai', 'Animal más alto del mundo, cuello largo y patas altas'),
(23, '', 'Cebra de llanura', 'Equino de rayas negras y blancas características'),
(24, '', 'Búfalo del Cabo', 'Bóvido africano de cuernos gruesos y peligroso'),
(25, '', 'Ñu azul', 'Antílope africano de cara alargada y cuernos curvos'),
(26, '', 'Impala sudafricano', 'Antílope esbelto y rápido de color rojizo'),
(27, '', 'Gacela de Thomson', 'Antílope pequeño y ágil de patas largas'),
(28, '', 'Antílope sable', 'Término genérico para diversos rumiantes cornudos'),
(29, '', 'Mono araña negro', 'Primate de extremidades largas y cola prensil'),
(30, '', 'Mono capuchino de cabeza blanc', 'Mono inteligente con capucha de pelo oscuro'),
(31, '', 'Mono aullador rojo', 'Mono conocido por sus fuertes vocalizaciones'),
(32, '', 'Mono narigudo de Borneo', 'Primate nasal prominente endémico de Borneo'),
(33, '', 'Gorila occidental de llanura', 'Simio grande y fuerte de espalda plateada'),
(34, '', 'Chimpancé común', 'Primo genético del humano, muy inteligente'),
(35, '', 'Orangután de Sumatra', 'Simio rojizo de largos brazos, arborícola'),
(36, '', 'Bonobo', 'Simio pequeño y pacífico, cercano al chimpancé'),
(37, '', 'Mandril', 'Primate colorido con hocico alargado'),
(38, '', 'Lemur de cola anillada', 'Prosimio de cola anillada, endémico de Madagascar'),
(39, '', 'Perezoso de tres dedos', 'Mamífero arbóreo de movimiento extremadamente lento'),
(40, '', 'Armadillo gigante', 'Mamífero acorazado con placas óseas'),
(41, '', 'Oso hormiguero gigante', 'Mamífero de hocico alargado y lengua pegajosa'),
(42, '', 'Tapir brasileño', 'Mamífero de nariz flexible, pariente de los rinocerontes'),
(43, '', 'Jabalí europeo', 'Jabalí salvaje de colmillos prominentes'),
(44, '', 'Ciervo rojo europeo', 'Ciervo grande con pelaje rojizo en verano'),
(45, '', 'Alce americano', 'El más grande de los cérvidos, con astas palmeadas'),
(46, '', 'Reno euroasiático', 'Ciervo adaptado al frío, también llamado caribú'),
(47, '', 'Bisonte americano', 'Bóvido masivo que habitó las grandes llanuras'),
(48, '', 'Camello bactriano', 'Camélido de dos jorobas, adaptado a desiertos fríos'),
(49, '', 'Dromedario', 'Camélido de una joroba, común en África'),
(50, '', 'Llama', 'Camélido sudamericano de pelaje largo'),
(51, '', 'Alpaca', 'Camélido andino de fina lana, más pequeño que la llama'),
(52, '', 'Panda gigante', 'Oso blanco y negro que se alimenta de bambú'),
(53, '', 'Panda rojo occidental', 'Mamífero rojizo parecido a un mapache, trepador'),
(54, '', 'Koala', 'Marsupial australiano que se alimenta de eucalipto'),
(55, '', 'Canguro rojo', 'Marsupial saltador con bolsa ventral'),
(56, '', 'Ualabí de cuello rojo', 'Marsupial más pequeño que el canguro'),
(57, '', 'Diablo de Tasmania', 'Marsupial carnívoro de Tasmania, de fuerte mandíbula'),
(58, '', 'Suricata', 'Pequeño mamífero social que vive en colonias'),
(59, '', 'Mangosta rayada', 'Mamífero alargado que caza serpientes'),
(60, '', 'Nutria gigante amazónica', 'Nutria de río de gran tamaño, muy sociable'),
(61, '', 'Nutria marina', 'Nutria marina que usa herramientas para alimentarse'),
(62, '', 'Castor europeo', 'Roedor constructor de diques, de cola plana'),
(63, '', 'Foca común', 'Foca común de pelaje grisáceo'),
(64, '', 'León marino de California', 'Pinnípedo con orejas externas, muy inteligente'),
(65, '', 'Morsa del Atlántico', 'Pinnípedo ártico con grandes colmillos'),
(66, '', 'Ballena jorobada del Pacífico', 'Cetáceo conocido por sus saltos acrobáticos'),
(67, '', 'Delfín mular', 'Delfín inteligente de hocico prominente'),
(68, '', 'Orca', 'Depredador marino blanco y negro, el más grande de los delfines'),
(69, '', 'Manatí antillano', 'Mamífero marino herbívoro de movimientos lentos'),
(70, '', 'Tiburón blanco', 'Tiburón depredador más temido, de gran tamaño'),
(71, '', 'Tiburón ballena', 'Tiburón filtrador, el pez más grande del mundo'),
(72, '', 'Raya manta gigante', 'Raya de gran tamaño con \"cuernos\" cefálicos'),
(73, '', 'Pez payaso ocelado', 'Pez anaranjado con rayas blancas, vive en anémonas'),
(74, '', 'Pez globo', 'Pez que se infla como mecanismo de defensa'),
(75, '', 'Pez espada', 'Pez de hocico alargado y aplanado'),
(76, '', 'Piraña roja', 'Pez depredador de dientes afilados, vive en cardumen'),
(77, '', 'Anguila eléctrica', 'Pez que genera descargas eléctricas para cazar'),
(78, '', 'Cocodrilo del Nilo', 'Reptil acuático grande y agresivo, de hocico triangular'),
(79, '', 'Caimán del Orinoco', 'Cocodrilo más pequeño, de hocico ancho'),
(80, '', 'Aligátor americano', 'Cocodrilo americano de hocico ancho'),
(81, '', 'Tortuga gigante de Aldabra', 'Tortuga terrestre gigante de las Galápagos'),
(82, '', 'Tortuga verde', 'Tortuga marina con aletas en lugar de patas'),
(83, '', 'Tortuga de río sudamericana', 'Tortuga de agua dulce con caparazón aplanado'),
(84, '', 'Iguana verde', 'Lagarto grande, a menudo verde brillante'),
(85, '', 'Camaleón velado', 'Lagarto que cambia de color, ojos independientes'),
(86, '', 'Dragón de Komodo', 'El lagarto más grande del mundo, venenoso'),
(87, '', 'Serpiente pitón reticulada', 'Serpiente constrictora no venenosa de gran tamaño'),
(88, '', 'Anaconda verde', 'Serpiente constrictora acuática, la más pesada'),
(89, '', 'Cobra real', 'Serpiente venenosa con capucha extensible'),
(90, '', 'Víbora de Gabón', 'Serpiente venenosa de colmillos retráctiles'),
(91, '', 'Águila real ibérica', 'Águila poderosa con plumas doradas en la nuca'),
(92, '', 'Águila calva', 'Águila emblemática de cabeza blanca'),
(93, '', 'Buitre leonado', 'Ave carroñera de cabeza desnuda'),
(94, '', 'Cóndor andino', 'El ave voladora más grande por envergadura'),
(95, '', 'Búho real europeo', 'Búho grande con mechones de plumas en la cabeza'),
(96, '', 'Lechuza común', 'Búho de disco facial blanco en forma de corazón'),
(97, '', 'Guacamayo azulamarillo', 'Guacamayo azul y amarillo de gran tamaño'),
(98, '', 'Guacamayo rojo', 'Guacamayo rojo con plumas azules y amarillas'),
(99, '', 'Tucán toco', 'Ave de pico enorme y colorido'),
(100, '', 'Loro gris africano', 'Loro gris famoso por su capacidad de hablar'),
(101, '', 'Cacatúa galerita', 'Loro con cresta eréctil y colorida'),
(102, '', 'Flamenco rosa', 'Ave rosada de patas largas y cuello curvo'),
(103, '', 'Pingüino emperador', 'El pingüino más grande, resistente al frío extremo'),
(104, '', 'Pingüino de Humboldt', 'Pingüino de clima templado con banda pectoral'),
(105, '', 'Avestruz somalí', 'Ave no voladora más grande del mundo'),
(106, '', 'Emú', 'Ave no voladora australiana, segunda en tamaño'),
(107, '', 'Casuario sureño', 'Ave no voladora grande y peligrosa de Australasia'),
(108, '', 'Kiwi marrón', 'Ave no voladora pequeña y nocturna de Nueva Zelanda'),
(109, '', 'Pavo real indio', 'Ave con espectacular cola en abanico'),
(110, '', 'Gorrión común', 'Pájaro pequeño y común de color pardo'),
(111, '', 'Pangolín de tierra', 'Mamífero escamoso que se enrolla como bola'),
(112, '', 'Sin subespecies', 'Marsupial pequeño conocido como \"el más feliz del mundo\"'),
(113, '', 'Sin razas diferenciadas', 'Mamífero africano parecido a cebra y jirafa'),
(114, '', 'Caracal africano', 'Felino africano de orejas puntiagudas con penachos'),
(115, '', 'Serval común', 'Felino esbelto de patas largas y orejas grandes'),
(116, '', 'Dugongo índico', 'Mamífero marino herbívoro, pariente del manatí'),
(117, '', 'Narval ártico', 'Cetáceo ártico con colmillo espiral característico'),
(118, '', 'Beluga o ballena blanca', 'Cetáceo blanco conocido como \"ballena beluga\"'),
(119, '', 'Tapir malayo de llanura', 'Tapir asiático de dos colores en el cuerpo'),
(120, '', 'Saiga tártaro', 'Antílope de nariz bulbosa y extraña forma'),
(121, '', 'Bongo oriental', 'Antílope forestal de cuernos en espiral'),
(122, '', 'Markhor de Astor', 'Cabra salvaje con cuernos en espiral impresionantes'),
(123, '', 'Takín dorado', 'Bóvido de pelaje dorado y cuernos macizos'),
(124, '', 'Gaur indio', 'El bóvido más grande, parecido a un búfalo'),
(125, '', 'Babuino oliva', 'Mono africano de colores brillantes en la cara'),
(126, '', 'Gibón de manos blancas', 'Simio pequeño de brazos largos, excelente braquiador'),
(127, '', 'Tarsero filipino', 'Primate pequeño con ojos enormes, nocturno'),
(128, '', 'Lémur volador de Filipinas', 'Lémur planeador con membranas en los costados'),
(129, '', 'Pangolín gigante terrestre', 'Pangolín más grande, cubierto de escamas'),
(130, '', 'Quetzal mesoamericano', 'Ave mesoamericana de cola larga y plumaje verde'),
(131, '', 'Colibrí gorgirrubí', 'Ave más pequeña del mundo, de vuelo rápido'),
(132, '', 'Calau bicorne', 'Ave de pico grande con casco óseo'),
(133, '', 'Martín pescador común', 'Ave de colores brillantes que pesca en ríos'),
(134, '', 'Pelícano blanco', 'Ave acuática de gran bolsa mandibular'),
(135, '', 'Garza real europea', 'Ave acuática de cuello largo y elegante'),
(136, '', 'Cisne negro australiano', 'Ave negra de cuello largo y gracioso'),
(137, '', 'Cormorán grande', 'Ave buceadora de cuello largo y flexible'),
(138, '', 'Ibis escarlata americano', 'Ave roja brillante con pico curvo'),
(139, '', 'Águila harpía sudamericana', 'El águila más poderosa de la selva tropical'),
(140, '', 'Halcón peregrino euroasiático', 'El ave más rápida en vuelo picado'),
(141, '', 'Cárabo común', 'Búho mediano de ojos negros y disco facial redondo'),
(142, '', 'Leopardo de las nieves asiátic', 'Felino de montaña con pelaje gris y manchas'),
(143, '', 'Lobo de crin sudamericano', 'Cánido sudamericano de patas largas y pelaje rojizo'),
(144, '', 'Dhole indio', 'Perro salvaje asiático de pelaje rojizo'),
(145, '', 'Panda rojo occidental', 'Mamífero parecido a un mapache rojizo'),
(146, '', 'Erizo común', 'Erizo cubierto de púas, se enrolla en bola'),
(147, '', 'Topo estrella oriental', 'Topo con nariz en forma de estrella sensitiva'),
(148, '', 'Wombat común', 'Marsupial australiano robusto y excavador'),
(149, '', 'Canguro arborícola de Lumholtz', 'Marsupial arborícola de cola prensil'),
(150, '', 'Cuscús de las Célebes', 'Marsupial arborícola de ojos grandes y movimientos lentos');

-- --------------------------------------------------------

--
-- Estructura de tabla para la tabla `trol`
--

CREATE TABLE `trol` (
  `id_rol` int(11) NOT NULL,
  `decripcion` varchar(300) DEFAULT NULL,
  `nom_rol` varchar(25) DEFAULT NULL
) ENGINE=InnoDB DEFAULT CHARSET=utf8mb4 COLLATE=utf8mb4_general_ci;

--
-- Volcado de datos para la tabla `trol`
--

INSERT INTO `trol` (`id_rol`, `decripcion`, `nom_rol`) VALUES
(1, 'Persona mayor de 13 años que accede al bioparque pagando tarifa plena sin beneficios adicionales', 'Visitante general'),
(2, 'Persona con acreditación de discapacidad que accede con tarifa reducida y facilidades de movilidad', 'Visitante con discapacida'),
(3, 'Personas de 60+ años con tarifa especial y acceso prioritario en zonas designadas', 'Adulto mayor'),
(4, 'Menores con tarifa infantil y acceso a actividades edutainment específicas', 'Niño'),
(5, 'Portador de carné estudiantil vigente con descuento del 30% en entrada general', 'Estudiante'),
(6, 'Visitante internacional con acceso a material multilingüe y tarifa diferenciada', 'Turista extranjero'),
(7, 'Poseedor de pase anual con acceso ilimitado y beneficios exclusivos', 'Visitante con membresia'),
(8, 'Personas con acceso mediante acuerdos institucionales', 'Beneficiario de convenio'),
(9, 'Estudiantes + profesores en visita académica con programación educativa especial', 'Visitante en Grupo escola'),
(10, 'Empleados de empresas con visitas organizadas y paquetes especiales', 'Visitante en grupo corpor');

-- --------------------------------------------------------

--
-- Estructura de tabla para la tabla `ttratamiento`
--

CREATE TABLE `ttratamiento` (
  `id_tratamiento` int(11) NOT NULL,
  `fecha_inicio_tratamiento` date DEFAULT NULL,
  `fecha_fin_tratamiento` date DEFAULT NULL,
  `descripcion_tratamiento` varchar(300) DEFAULT NULL,
  `id_animal` int(11) DEFAULT NULL
) ENGINE=InnoDB DEFAULT CHARSET=utf8mb4 COLLATE=utf8mb4_general_ci;

--
-- Volcado de datos para la tabla `ttratamiento`
--

INSERT INTO `ttratamiento` (`id_tratamiento`, `fecha_inicio_tratamiento`, `fecha_fin_tratamiento`, `descripcion_tratamiento`, `id_animal`) VALUES
(1, '2023-10-22', '2024-03-15', 'Dieta blanda y probióticos por 5 días', 14),
(2, '2023-10-23', '2024-05-22', 'Limpieza ótica y gotas antibióticas', 87),
(3, '2023-10-24', '2024-07-03', 'Antihistamínicos y baños medicados', 32),
(4, '2023-10-25', '2024-11-18', 'Inmovilización y cirugía correctiva', 5),
(5, '2023-10-26', '2024-09-30', 'Colirio antibiótico cada 8 horas', 99),
(6, '2023-10-27', '2024-04-05', 'Plan nutricional y ejercicio controlado', 47),
(7, '2023-10-28', '2024-06-11', 'Antibiótico por 14 días (enrofloxacina)', 63),
(8, '2023-10-29', '2024-08-27', 'Endoscopía para extracción', 110),
(9, '2023-10-30', '2024-12-14', 'Antiinflamatorios y suplementos articulares', 23),
(10, '2023-10-31', '2024-10-08', 'Ivermectina y baños de peróxido', 76),
(11, '2023-11-01', '2025-01-25', 'Fluidos intravenosos y aislamiento', 41),
(12, '2023-11-02', '2024-06-29', 'Antitusivos y nebulizaciones', 8),
(13, '2023-11-03', '2024-04-19', 'Drenaje y antibioterapia', 92),
(14, '2023-11-04', '2024-07-21', 'Limpieza dental profesional', 55),
(15, '2023-11-05', '2024-09-05', 'Hospitalización con fluidoterapia', 19),
(16, '2023-11-06', '2024-11-30', 'Metimazol y monitoreo T4', 104),
(17, '2023-11-07', '2025-02-03', 'Insulina y dieta especial', 67),
(18, '2023-11-08', '2024-05-07', 'Cirugía de facoemulsificación', 3),
(19, '2023-11-09', '2024-08-14', 'Reposición manual y vendaje', 81),
(20, '2023-11-10', '2024-10-31', 'Transfusión y estimulantes de médula', 36),
(22, '2023-11-12', '2024-03-28', 'Lavado quirúrgico y antibióticos', 72),
(23, '2023-11-13', '2024-06-03', 'Fluidoterapia subcutánea continua', 27),
(24, '2023-11-14', '2024-09-17', 'Terapia hormonal y lociones', 95),
(25, '2023-11-15', '2024-11-11', 'Curetaje y antibióticos sistémicos', 50),
(26, '2023-11-16', '2025-01-08', 'Cardiotónicos y diuréticos', 12),
(27, '2023-11-17', '2024-04-22', 'Protector solar y pomadas', 64),
(28, '2023-11-18', '2024-07-09', 'Reparación quirúrgica', 101),
(29, '2023-11-19', '2024-10-15', 'Antimoniales y quimioterapia', 38),
(30, '2023-11-20', '2024-12-31', 'Quimioterapia y analgesia', 17),
(31, '2023-11-21', '2025-03-12', 'Broncodilatadores y oxigenoterapia', 89),
(32, '2023-11-22', '2024-05-18', 'Analgésicos y fisioterapia', 44),
(33, '2023-11-23', '2024-08-03', 'Gotas hipotensoras oculares', 7),
(34, '2023-11-24', '2024-10-22', 'Inducción al vómito y carbón activado', 97),
(35, '2023-11-25', '2024-02-28', 'Terapia conductual y feromonas', 60),
(36, '2023-11-26', '2024-04-30', 'Ovariohisterecturgia urgente', 25),
(37, '2023-11-27', '2024-07-25', 'Doxiciclina por 28 días', 78),
(38, '2023-11-28', '2024-09-28', 'Corticoesteroides y antitusivos', 53),
(39, '2023-11-29', '2024-12-08', 'Pomada ocular y collar isabelino', 110),
(40, '2023-11-30', '2025-02-19', 'Levotiroxina y controles periódicos', 31),
(41, '2023-12-01', '2024-03-10', 'Litotricia o cirugía', 84),
(42, '2023-12-02', '2024-06-22', 'Antipiréticos y estudios complementarios', 9),
(43, '2023-12-03', '2024-08-19', 'Probióticos y dieta hipoalergénica', 69),
(44, '2023-12-04', '2024-11-05', 'Reducción cerrada y reposo', 102),
(45, '2023-12-05', '2025-01-30', 'Suplementación vitamínica controlada', 46),
(46, '2023-12-06', '2024-04-11', 'Mastectomía parcial', 21),
(47, '2023-12-07', '2024-07-07', 'AINEs y rehabilitación', 73),
(48, '2023-12-08', '2024-09-14', 'Fenbendazol por 5 días', 58),
(49, '2023-12-09', '2024-12-01', 'Limpieza con solución salina', 106),
(50, '2023-12-10', '2025-03-05', 'Trilostano y monitoreo', 35),
(51, '2023-12-11', '2024-05-29', 'Extracción dental y analgesia', 80),
(52, '2023-12-12', '2024-08-08', 'Soporte hepático y fluidos', 15),
(53, '2023-12-13', '2024-10-17', 'Antifúngicos tópicos y sistémicos', 93),
(54, '2023-12-14', '2024-02-15', 'Analgésicos y enjuagues bucales', 62),
(55, '2023-12-15', '2024-04-03', 'Quimioterapia paliativa', 29),
(56, '2023-12-16', '2024-06-17', 'Vitamina K1 por 3 semanas', 75),
(57, '2023-12-17', '2024-09-03', 'Escisión quirúrgica', 40),
(58, '2023-12-18', '2024-11-22', 'Antibióticos y masajes prostáticos', 11),
(59, '2023-12-19', '2025-02-14', 'Reposo en jaula y neuroprotectores', 98),
(60, '2023-12-20', '2024-03-22', 'Suplementos dietéticos especiales', 54),
(61, '2023-12-21', '2024-05-31', 'Antivirales y L-lisina', 2),
(62, '2023-12-22', '2024-08-25', 'Dieta restrictiva y plan de ejercicio', 66),
(63, '2023-12-23', '2024-10-05', 'Antiinflamatorios locales', 110),
(64, '2023-12-24', '2024-12-20', 'Análisis urinarios y espasmolíticos', 110),
(65, '2023-12-25', '2025-03-18', 'Ecocardiograma semestral', 49),
(66, '2023-12-26', '2024-04-17', 'Dieta de eliminación por 8 semanas', 24),
(67, '2023-12-27', '2024-07-13', 'Vendaje compressivo y reposo', 85),
(68, '2023-12-28', '2024-09-21', 'Antivirales tópicos', 70),
(69, '2023-12-29', '2024-11-14', 'Ivermectina y aislamiento', 37),
(70, '2023-12-30', '2025-01-17', 'Derivación a neurología', 105),
(71, '2023-12-31', '2024-03-05', 'Doxiciclina por 21 días', 18),
(72, '2024-01-01', '2024-06-09', 'Protectores gástricos', 91),
(73, '2024-01-02', '2024-08-31', 'Lavado ocular urgente', 56),
(74, '2024-01-03', '2024-10-12', 'Laxantes y dieta rica en fibra', 4),
(75, '2024-01-04', '2024-12-28', 'Desparasitación intensiva', 79),
(76, '2024-01-05', '2025-02-25', 'Oxigenoterapia y antibióticos', 33),
(77, '2024-01-06', '2024-04-09', 'Endoscopía de urgencia', 109),
(78, '2024-01-07', '2024-07-19', 'Reposo absoluto y miorrelajantes', 61),
(79, '2024-01-08', '2024-09-09', 'Fluidoterapia y hepatoprotectores', 20),
(80, '2024-01-09', '2024-11-28', 'Suplementos de calcio controlados', 74),
(81, '2024-01-10', '2025-01-12', 'Gotas óticas y antibióticos orales', 43),
(82, '2024-01-11', '2024-02-20', 'Estudio de polidipsia', 10),
(83, '2024-01-12', '2024-05-05', 'Amputación parcial y analgesia', 96),
(84, '2024-01-13', '2024-08-11', 'Dieta hidrolizada y corticoides', 57),
(85, '2024-01-14', '2024-10-24', 'Orquiectomía unilateral', 30),
(86, '2024-01-15', '2024-12-05', 'Inmunosupresores y transfusiones', 82),
(87, '2024-01-16', '2025-03-22', 'Baños antipulgas y FIPRONIL', 65),
(88, '2024-01-17', '2024-04-25', 'Soporte nutricional parenteral', 1),
(89, '2024-01-18', '2024-06-28', 'Estudio metabólico completo', 100),
(90, '2024-01-19', '2024-09-12', 'Lágrimas artificiales cada 4h', 45),
(91, '2024-01-20', '2024-11-07', 'Protección ocular y antibióticos', 16),
(92, '2024-01-21', '2025-02-08', 'Antihipertensivos y dieta baja en sal', 71),
(93, '2024-01-22', '2024-03-18', 'Reducción manual e inmovilización', 52),
(94, '2024-01-23', '2024-05-14', 'Descompresión gástrica urgente', 13),
(95, '2024-01-24', '2024-08-22', 'Holter y antiarrítmicos', 88),
(96, '2024-01-25', '2024-10-03', 'Inyecciones mensuales de B12', 39),
(97, '2024-01-26', '2024-12-12', 'Amputación y quimioterapia', 6),
(98, '2024-01-27', '2025-03-08', 'Enjuagues con clorhexidina', 94),
(99, '2024-01-28', '2024-04-14', 'Rinoscopía y cauterización', 59),
(100, '2024-01-29', '2024-07-05', 'Cardiotónicos y restricción de ejercicio', 26),
(101, '2024-01-30', '2024-09-25', 'Antibióticos intravenosos', 68),
(102, '2024-01-31', '2024-11-19', 'Paracentesis y diuréticos', 103),
(103, '2024-02-01', '2025-01-22', 'Antitoxina y soporte ventilatorio', 42),
(104, '2024-02-02', '2024-03-01', 'Analgésicos opioides', 22),
(105, '2024-02-03', '2024-06-05', 'Gotas oftálmicas específicas', 77),
(106, '2024-02-04', '2024-08-29', 'Tiroidectomía total', 48),
(107, '2024-02-05', '2024-10-10', 'Reposo en oscuridad', 107),
(108, '2024-02-06', '2024-12-24', 'Anticonvulsivantes y fluidos IV', 34),
(109, '2024-02-07', '2025-02-28', 'Antitoxina y soporte ventilatorio', 83),
(111, '2024-02-09', '2024-11-22', 'Tratamiento con antibióticos y dieta blanda  ', 63),
(112, '2024-02-10', '2025-02-14', 'Limpieza ótica y gotas antibacterianas  ', 110),
(113, '2024-02-11', '2024-03-22', 'Corticoides y control ambiental del alérgeno  ', 23),
(114, '2024-02-12', '2024-05-31', 'Hospitalización y terapia de fluidos  ', 76),
(115, '2024-02-13', '2024-08-25', 'Antibióticos y vaciado manual de glándulas mamarias  ', 41),
(116, '2024-02-14', '2024-10-05', 'Soporte sintomático y suero intravenoso  ', 8),
(117, '2024-02-15', '2024-12-20', 'Dieta renal y control de electrolitos  ', 92),
(118, '2024-02-16', '2025-03-18', 'Lágrimas artificiales y antihistamínicos  ', 55),
(119, '2024-02-17', '2024-04-17', 'Dieta balanceada y ejercicio regular  ', 19),
(120, '2024-02-18', '2024-07-13', 'Amitraz tópico y antiparasitarios sistémicos  ', 104),
(121, '2024-02-19', '2024-09-21', 'Ivermectina o moxidectina bajo control médico  ', 67),
(122, '2024-02-20', '2024-11-14', 'Extirpación quirúrgica y análisis histopatológico  ', 3),
(123, '2024-02-21', '2025-01-17', 'Antieméticos y restricción dietética  ', 81),
(124, '2024-02-22', '2024-03-05', 'Antibióticos y control urinario  ', 36),
(126, '2024-02-24', '2024-08-31', 'Reposo y posible cirugía correctiva  ', 72),
(127, '2024-02-25', '2024-10-12', 'Cirugía y fijación ósea  ', 27),
(128, '2024-02-26', '2024-12-28', 'Antiparasitarios y seguimiento hematológico  ', 95),
(129, '2024-02-27', '2025-02-25', 'Doxiciclina durante 28 días  ', 50),
(130, '2024-02-28', '2024-04-09', 'Antivirales y tratamiento de soporte  ', 12),
(131, '2024-02-29', '2024-07-19', 'Insulina y dieta especializada  ', 64),
(132, '2024-03-01', '2024-09-09', 'Observación y control del dolor  ', 101),
(133, '2024-03-02', '2024-11-28', 'Condroprotectores y fisioterapia  ', 38),
(134, '2024-03-03', '2025-01-12', 'Cirugía de ovariohisterectomía  ', 17),
(135, '2024-03-04', '2024-02-20', 'Antibióticos sistémicos  ', 89),
(136, '2024-03-05', '2024-05-05', 'Fármacos inotrópicos y control de líquidos  ', 44),
(137, '2024-03-06', '2024-08-11', 'Antiparasitarios y transfusión si es necesario  ', 7),
(138, '2024-03-07', '2024-10-24', 'Limpieza dental y extracción de piezas dañadas  ', 97),
(139, '2024-03-08', '2024-12-05', 'Levotiroxina diaria y monitoreo  ', 60),
(140, '2024-03-09', '2025-03-22', 'Alimentación frecuente y control glucémico  ', 25),
(141, '2024-03-10', '2024-04-25', 'Terapia inmunosupresora y cuidados paliativos  ', 78),
(142, '2024-03-11', '2024-06-28', 'Terapia de soporte y aislamiento  ', 53),
(143, '2024-03-12', '2024-09-12', 'Broncodilatadores e inhaladores  ', 110),
(144, '2024-03-13', '2024-11-07', 'Colirios y antibióticos oftálmicos  ', 31),
(145, '2024-03-14', '2025-02-08', 'Antibióticos y terapia nebulizada  ', 84),
(146, '2024-03-15', '2024-03-18', 'Antiparasitarios orales  ', 9),
(147, '2024-03-16', '2024-05-14', 'Antibióticos específicos según cultivo  ', 69),
(148, '2024-03-17', '2024-08-22', 'Extirpación quirúrgica y observación  ', 102),
(149, '2024-03-18', '2024-10-03', 'Limpieza dental profunda con anestesia  ', 46),
(150, '2024-03-19', '2024-12-12', 'Cirugía y evaluación oncología  ', 21);

-- --------------------------------------------------------

--
-- Estructura de tabla para la tabla `tusuario`
--

CREATE TABLE `tusuario` (
  `id_usuario` int(11) NOT NULL,
  `nom_usuario` varchar(20) DEFAULT NULL,
  `apellido_usuario` varchar(20) DEFAULT NULL,
  `fecha_nacimiento_usuario` date DEFAULT NULL,
  `edad_usuario` int(2) DEFAULT NULL,
  `genero_usuario` varchar(1) DEFAULT NULL,
  `telefono_usuario` int(10) DEFAULT NULL,
  `id_rol` int(11) DEFAULT NULL,
  `foto` blob DEFAULT NULL,
  `descripcion` varchar(300) DEFAULT NULL
) ENGINE=InnoDB DEFAULT CHARSET=utf8mb4 COLLATE=utf8mb4_general_ci;

--
-- Volcado de datos para la tabla `tusuario`
--

INSERT INTO `tusuario` (`id_usuario`, `nom_usuario`, `apellido_usuario`, `fecha_nacimiento_usuario`, `edad_usuario`, `genero_usuario`, `telefono_usuario`, `id_rol`, `foto`, `descripcion`) VALUES
(1, 'Santiago', 'Gómez', '2005-08-14', 18, 'M', 2147483647, 9, '', 'Usuario activo con acceso completo al sistema.'),
(2, 'Valentina', 'Rodríguez', '1992-03-27', 32, 'F', 2147483647, 1, '', 'Nuevo registro pendiente de verificación.'),
(3, 'Juan', 'Pérez', '1980-11-05', 43, 'M', 2147483647, 1, '', 'Usuario con permisos limitados de lectura.'),
(4, 'Isabella', 'Martínez', '2019-07-22', 5, 'F', 2147483647, 4, '', 'Administrador con privilegios elevados.'),
(5, 'Sebastián', 'López', '1975-01-18', 49, 'M', 2147483647, 1, '', 'Perfil bloqueado por intentos fallidos.'),
(6, 'Sofía', 'González', '1963-09-30', 60, 'F', 2147483647, 3, '', 'Miembro verificado del sistema.'),
(7, 'Mateo', 'Hernández', '2008-04-15', 16, 'M', 2147483647, 9, '', 'Colaborador frecuente con buena reputación.'),
(8, 'Camila', 'Díaz', '1995-12-18', 28, 'F', 2147483647, 2, '', 'Usuario inactivo desde hace 6 meses.'),
(9, 'Nicolás', 'Ramírez', '1983-05-27', 41, 'M', 2147483647, 1, '', 'Cuenta con historial limpio y actualizado.'),
(10, 'María', 'Sánchez', '2022-08-09', 1, 'F', 2147483647, 4, '', 'Usuario con acceso solo a reportes.'),
(11, 'Samuel', 'Vargas', '1978-01-31', 46, 'M', 2147483647, 3, '', 'Perfil con doble autenticación activada.'),
(12, 'Valeria', 'Castro', '1967-06-12', 57, 'F', 2147483647, 1, '', 'Miembro con suscripción premium activa.'),
(13, 'Alejandro', 'Morales', '2015-10-24', 8, 'M', 2147483647, 4, '', 'Usuario registrado a través de redes sociales.'),
(14, 'Gabriela', 'Rojas', '1990-02-17', 34, 'F', 2147483647, 1, '', 'Cuenta corporativa con acceso extendido.'),
(15, 'Daniel', 'Jiménez', '2001-07-03', 23, 'M', 2147483647, 1, '', 'Usuario con historial de compras reciente.'),
(16, 'Lucía', 'Herrera', '1986-11-28', 37, 'F', 2147483647, 6, '', 'Perfil con notificaciones personalizadas.'),
(17, 'David', 'Gutiérrez', '1973-04-20', 51, 'M', 2147483647, 7, '', 'Usuario con preferencias guardadas.'),
(18, 'Mariana', 'Mendoza', '2020-08-11', 3, 'F', 2147483647, 4, '', 'Miembro registrado en programa de lealtad.'),
(19, 'Andrés', 'Suárez', '1997-01-25', 27, 'M', 2147483647, 1, '', 'Cuenta vinculada a Google.'),
(20, 'Antonella', 'Álvarez', '1985-09-14', 38, 'F', 2147483647, 1, '', 'Usuario con acceso restringido por horario.'),
(21, 'Carlos', 'Torres', '1971-12-07', 52, 'M', 2147483647, 7, '', 'Miembro con participación en foros.'),
(22, 'Ximena', 'Ruiz', '2018-03-19', 6, 'F', 2147483647, 4, '', 'Cuenta con dos dispositivos registrados.'),
(23, 'Javier', 'Silva', '1994-05-08', 30, 'M', 2147483647, 7, '', 'Usuario con historial de cambios reciente.'),
(24, 'Daniela', 'Ortega', '1982-10-31', 41, 'F', 2147483647, 7, '', 'Perfil moderador con funciones de control.'),
(25, 'Fernando', 'Núñez', '1969-07-22', 54, 'M', 2147483647, 1, '', 'Usuario con revisión pendiente de documentos.'),
(26, 'Catalina', 'Medina', '2021-02-14', 3, 'F', 2147483647, 4, '', 'Miembro con uso frecuente de app móvil.'),
(27, 'Diego', 'Guzmán', '1999-06-27', 25, 'M', 2147483647, 7, '', 'Perfil con preferencias de idioma en inglés.'),
(28, 'Alejandra', 'Cortés', '1977-11-09', 46, 'F', 2147483647, 1, '', 'Usuario con múltiples intentos fallidos.'),
(29, 'Miguel', 'Peña', '2017-08-03', 6, 'M', 2147483647, 4, '', 'Cuenta suspendida temporalmente.'),
(30, 'Natalia', 'Vega', '1993-04-16', 31, 'F', 2147483647, 8, '', 'Usuario con sesión activa en otro dispositivo.'),
(31, 'José', 'Delgado', '1981-01-29', 43, 'M', 2147483647, 6, '', 'Miembro con historial de soporte técnico.'),
(32, 'Ana', 'Cárdenas', '1965-10-12', 58, 'F', 2147483647, 6, '', 'Perfil actualizado hace menos de una semana.'),
(33, 'Ricardo', 'Romero', '2023-12-25', 0, 'M', 2147483647, 4, '', 'Usuario con acceso a funciones beta.'),
(34, 'Carolina', 'Sandoval', '2000-09-07', 23, 'F', 2147483647, 1, '', 'Cuenta compartida bajo revisión.'),
(35, 'Óscar', 'Fuentes', '1988-03-18', 36, 'M', 2147483647, 10, '', 'Usuario con tarjeta guardada en el sistema.'),
(36, 'Paola', 'Ospina', '1976-07-01', 47, 'F', 2147483647, 10, '', 'Miembro con encuestas completadas.'),
(37, 'Eduardo', 'Rangel', '2014-11-14', 9, 'M', 2147483647, 4, '', 'Usuario con alertas de seguridad activas.'),
(38, 'Diana', 'Molina', '1991-05-27', 33, 'F', 2147483647, 8, '', 'Cuenta migrada desde plataforma anterior.'),
(39, 'Alfonso', 'Parra', '1968-08-20', 55, 'M', 2147483647, 1, '', 'Usuario con interacción en eventos recientes.'),
(40, 'Laura', 'Cifuentes', '2020-04-11', 4, 'F', 2147483647, 4, '', 'Perfil con nivel de confianza alto.'),
(41, 'Rodrigo', 'Beltrán', '1998-10-04', 25, 'M', 2147483647, 1, '', 'Usuario con acceso limitado por política interna.'),
(42, 'Sara', 'Acosta', '1984-04-17', 39, 'F', 2147483647, 10, '', 'Cuenta con suscripción anual activa.'),
(43, 'Felipe', 'Cabrera', '1972-09-30', 51, 'M', 2147483647, 4, '', 'Usuario registrado durante campaña promocional.'),
(44, 'Claudia', 'Pacheco', '2016-12-13', 7, 'F', 2147483647, 10, '', 'Miembro con historial de referidos.'),
(45, 'Julio', 'Santana', '1996-07-26', 28, 'M', 2147483647, 1, '', 'Usuario con cambios recientes en contraseña.'),
(46, 'Lina', 'Quiñones', '1980-01-08', 44, 'F', 2147483647, 1, '', 'Cuenta con verificación en dos pasos.'),
(47, 'Manuel', 'Arias', '1964-04-21', 59, 'M', 2147483647, 10, '', 'Usuario con permisos para crear contenido.'),
(48, 'Andrea', 'Restrepo', '2019-09-03', 6, 'F', 2147483647, 4, '', 'Miembro con acceso prioritario a soporte.'),
(49, 'Francisco', 'Zuluaga', '1997-12-16', 26, 'M', 2147483647, 6, '', 'Usuario con datos incompletos en el perfil.'),
(50, 'Tatiana', 'Giraldo', '1979-05-29', 45, 'F', 2147483647, 1, '', 'Cuenta con seguimiento personalizado.'),
(51, 'Miguel Ángel', 'Ochoa', '2015-02-10', 9, 'M', 2147483647, 4, '', 'Usuario con acceso desde red corporativa.'),
(52, 'Vanessa', 'Londoño', '1992-08-23', 31, 'F', 2147483647, 7, '', 'Miembro con múltiples direcciones guardadas.'),
(53, 'César', 'Vásquez', '1987-07-06', 36, 'M', 2147483647, 1, '', 'Perfil con historial de actividad elevado.'),
(54, 'Elena', 'Montoya', '1974-11-19', 49, 'F', 2147483647, 1, '', 'Usuario con uso constante del chat en línea.'),
(55, 'Humberto', 'Agudelo', '2021-04-02', 3, 'M', 2147483647, 4, '', 'Cuenta con registro aprobado manualmente.'),
(56, 'Rosa', 'Alarcón', '2003-01-15', 21, 'F', 2147483647, 6, '', 'Usuario con conexión mediante VPN.'),
(57, 'Víctor Julio', 'Bejarano', '1990-08-28', 33, 'M', 2147483647, 1, '', 'Miembro con actividad nocturna recurrente.'),
(58, 'Jenny', 'Figueroa', '1985-03-11', 38, 'F', 2147483647, 8, '', 'Usuario con acceso denegado por IP.'),
(59, 'Alberto', 'Montoya', '2013-10-24', 10, 'M', 2147483647, 9, '', 'Cuenta registrada en zona horaria diferente.'),
(60, 'Nelly', 'Cordero', '1998-06-07', 25, 'F', 2147483647, 10, '', 'Usuario con solicitudes pendientes de revisión.'),
(61, 'Reinaldo', 'Barrios', '1976-01-30', 48, 'M', 2147483647, 1, '', 'Perfil con configuración personalizada de privacidad.'),
(62, 'Gladys', 'Trujillo', '2022-09-12', 1, 'F', 2147483647, 4, '', 'Usuario con participación en pruebas piloto.'),
(63, 'Rubén Darío', 'Gómez', '2001-04-25', 22, 'M', 2147483647, 10, '', 'Miembro con beneficios por fidelidad.'),
(64, 'Yolanda', 'Arango', '1989-12-08', 34, 'F', 2147483647, 1, '', 'Usuario con cuenta sincronizada en la nube.'),
(65, 'Héctor', 'Zapata', '1975-05-21', 49, 'M', 2147483647, 8, '', 'Cuenta sin actividad durante el último año.'),
(66, 'Olga Lucía', 'Cardona', '2017-10-14', 6, 'F', 2147483647, 4, '', 'Usuario con cambios frecuentes de dispositivo.'),
(67, 'Wilson', 'Uribe', '2004-03-27', 28, 'M', 2147483647, 6, '', 'Perfil asociado a empresa verificada.'),
(68, 'Nancy', 'Andrés', '1993-07-10', 43, 'F', 2147483647, 1, '', 'Usuario con datos fiscales actualizados.'),
(69, 'Fabio', 'Ríos', '1981-02-23', 5, 'M', 2147483647, 4, '', 'Cuenta con alertas sobre actualizaciones.'),
(70, 'Clara Inés', 'Arboleda', '2018-11-06', 21, 'F', 2147483647, 8, '', 'Usuario con registro aprobado automáticamente.'),
(71, 'Jairo', 'Milena', '2002-04-19', 31, 'M', 2147483647, 1, '', 'Miembro con historial de devoluciones.'),
(72, 'Sandra', 'Murillo', '1986-10-02', 46, 'F', 2147483647, 1, '', 'Perfil con límite de acceso por región.'),
(73, 'Edison', 'Calvo', '1973-01-15', 8, 'M', 2147483647, 4, '', 'Usuario con comentarios positivos en la comunidad.'),
(74, 'Dora Luz', 'Grisales', '2020-05-28', 28, 'F', 2147483647, 10, '', 'Cuenta con envío de correo electrónico fallido.'),
(75, 'Armando', 'Zuleta', '1995-12-11', 40, 'M', 2147483647, 8, '', 'Usuario con aceptación de términos reciente.'),
(76, 'Blanca Nubia', 'Guzmán', '1983-06-24', 7, 'F', 2147483647, 4, '', 'Miembro con historial de navegación extenso.'),
(77, 'Leonardo', 'Ramírez', '2016-09-07', 17, 'M', 2147483647, 9, '', 'Perfil sin fotografía de perfil cargada.'),
(78, 'Amparo', 'Gómez', '2007-02-20', 33, 'F', 2147483647, 6, '', 'Usuario con acceso restringido por edad.'),
(79, 'Hugo', 'Mebarak', '1991-05-03', 44, 'M', 2147483647, 1, '', 'Cuenta con verificación pendiente por SMS.'),
(80, 'Ligia Elena', 'Lu', '1979-12-16', 9, 'F', 2147483647, 4, '', 'Usuario con participación en sorteos.'),
(81, 'Alirio', 'Rodríguez', '2014-03-29', 26, 'M', 2147483647, 6, '', 'Miembro con acceso exclusivo a contenidos.'),
(82, 'Mercedes', 'Zuleta', '1999-08-12', 47, 'F', 2147483647, 1, '', 'Usuario con historial de sesiones múltiples.'),
(83, 'Orlando', 'Márquez', '1977-11-25', 1, 'M', 2147483647, 4, '', 'Perfil con acceso caducado.'),
(84, 'Poncho', 'Palacios', '2023-04-08', 22, 'M', 2147483647, 7, '', 'Usuario con conexión mediante app de escritorio.'),
(85, 'Ivonne', 'Lombana', '2006-09-21', 35, 'F', 2147483647, 10, '', 'Cuenta asociada a número de teléfono verificado.'),
(86, 'Elkin', 'Rincón', '1994-02-14', 50, 'M', 2147483647, 10, '', 'Usuario con ajustes de accesibilidad habilitados.'),
(87, 'Darío', 'Quintana', '1982-07-27', 6, 'M', 2147483647, 4, '', 'Miembro con actividades frecuentes de feedback.'),
(88, 'Shakira', 'Peralta', '2015-11-10', 29, 'F', 2147483647, 1, '', 'Usuario con registro duplicado detectado.'),
(89, 'Fanny', 'Mendoza', '2009-06-23', 41, 'F', 2147483647, 8, '', 'Cuenta bloqueada por actividad sospechosa.'),
(90, 'Juanes', 'Cepeda', '1996-09-16', 10, 'M', 2147483647, 9, '', 'Usuario con solicitud de eliminación en proceso.'),
(91, 'Maluma', 'Barragán', '1984-01-29', 24, 'M', 2147483647, 7, '', 'Miembro con aportes destacados en la plataforma.'),
(92, 'James', 'Llanos', '2017-04-12', 34, 'M', 2147483647, 1, '', 'Perfil con visibilidad limitada.'),
(93, 'Radamel', 'Pizarro', '2000-07-25', 48, 'M', 2147483647, 6, '', 'Usuario con sesión iniciada en navegador antiguo.'),
(94, 'Carlos', 'Murcia', '1988-12-18', 8, 'M', 2147483647, 4, '', 'Cuenta con configuración avanzada de seguridad.'),
(95, 'Sofía', 'Cordero', '1976-05-01', 30, 'F', 2147483647, 9, '', 'Usuario con ubicación geográfica registrada.'),
(96, 'Jorge', 'Arismendi', '2021-10-14', 42, 'M', 2147483647, 1, '', 'Miembro con historial de compras internacionales.'),
(97, 'Carmen', 'Contreras', '1998-03-27', 7, 'F', 2147483647, 4, '', 'Usuario con cambios recientes en preferencias.'),
(98, 'Luis', 'Marín', '1985-08-10', 19, 'M', 2147483647, 8, '', 'Cuenta con opciones de pago configuradas.'),
(99, 'Patricia', 'Gómez', '2013-11-23', 32, 'F', 2147483647, 6, '', 'Usuario con tickets de soporte abiertos.'),
(100, 'Raúl', 'Ramírez', '2005-04-06', 43, 'M', 2147483647, 6, '', 'Perfil con historial de pagos atrasados.'),
(101, 'Lucero', 'Zuleta', '1992-09-19', 9, 'F', 2147483647, 4, '', 'Usuario con perfil vinculado a redes externas.'),
(102, 'René', 'Márquez', '1980-06-02', 27, 'M', 2147483647, 7, '', 'Cuenta con acceso a funcionalidades extendidas.'),
(103, 'Estefanía', 'Palacios', '2019-01-15', 38, 'F', 2147483647, 8, '', 'Usuario con baja tasa de interacción.'),
(104, 'Hugo', 'Lombana', '1997-10-28', 52, 'M', 2147483647, 8, '', 'Miembro con suscripción suspendida por impago.'),
(105, 'Iván', 'Rincón', '1975-07-11', 6, 'M', 2147483647, 4, '', 'Usuario con cambios frecuentes de correo.'),
(106, 'Dulce', 'Quintana', '2022-12-24', 29, 'F', 2147483647, 10, '', 'Perfil con validación de identidad realizada.'),
(107, 'Eduardo', 'Peralta', '2003-03-07', 40, 'M', 2147483647, 7, '', 'Usuario con acceso temporal por invitación.'),
(108, 'Nicolás', 'Mendoza', '1990-08-20', 55, 'M', 2147483647, 1, '', 'Cuenta con configuración de recuperación activada.'),
(109, 'Rocío', 'Cepeda', '1987-04-03', 8, 'F', 2147483647, 4, '', 'Usuario con contenidos guardados.'),
(110, 'Mauricio', 'Barragán', '2016-09-16', 31, 'M', 2147483647, 6, '', 'Miembro con historial de acceso constante.'),
(111, 'Daniel', 'Smith', '1983-05-27', 41, 'M', 2147483647, 4, '', 'Perfil con participación en beta cerrada.'),
(112, 'Camila', 'García', '2022-08-09', 1, 'F', 2147483647, 1, '', 'Usuario con preferencias por categoría.'),
(113, 'Adrián', 'Rodríguez', '1978-01-31', 46, 'M', 2147483647, 10, '', 'Cuenta con múltiples métodos de pago.'),
(114, 'Lucía', 'López', '1967-06-12', 57, 'F', 2147483647, 4, '', 'Usuario con participación en grupos privados.'),
(115, 'Julián', 'Hernández', '2015-10-24', 8, 'M', 2147483647, 10, '', 'Miembro con historial de mensajes positivos.'),
(116, 'Ximena', 'González', '1990-02-17', 34, 'F', 2147483647, 1, '', 'Usuario con acceso desde dispositivo no reconocido.'),
(117, 'Maximiliano', 'Pérez', '2001-07-03', 23, 'M', 2147483647, 1, '', 'Perfil con uso intensivo de funcionalidades móviles.'),
(118, 'Valeria', 'Ramírez', '1986-11-28', 37, 'F', 2147483647, 10, '', 'Usuario con alertas por comportamiento irregular.'),
(119, 'Diego', 'Flores', '1973-04-20', 51, 'M', 2147483647, 4, '', 'Cuenta con sincronización automática habilitada.'),
(120, 'Mariana', 'Ruiz', '2020-08-11', 3, 'F', 2147483647, 6, '', 'Usuario con información de contacto verificada.'),
(121, 'Samuel', 'Díaz', '1997-01-25', 27, 'M', 2147483647, 1, '', 'Miembro con reseñas destacadas en productos.'),
(122, 'Renata', 'Morales', '1985-09-14', 38, 'F', 2147483647, 4, '', 'Usuario con alta interacción social.'),
(123, 'Emilio', 'Álvarez', '1971-12-07', 52, 'M', 2147483647, 7, '', 'Perfil con restricciones por políticas internas.'),
(124, 'Antonella', 'Ortega', '2018-03-19', 6, 'F', 2147483647, 1, '', 'Usuario con nivel de actividad superior al promedio.'),
(125, 'Joaquín', 'Reyes', '1994-05-08', 30, 'M', 2147483647, 1, '', 'Cuenta sin actualizaciones recientes.'),
(126, 'Catalina', 'Mendoza', '1982-10-31', 41, 'F', 2147483647, 4, '', 'Usuario con archivos cargados en su perfil.'),
(127, 'Thiago', 'Silva', '1969-07-22', 54, 'M', 2147483647, 6, '', 'Miembro con historial de asistencia a eventos.'),
(128, 'Paulina', 'Vargas', '2021-02-14', 3, 'F', 2147483647, 1, '', 'Usuario con calendario sincronizado.'),
(129, 'Matías', 'Rojas', '1999-06-27', 25, 'M', 2147483647, 8, '', 'Perfil con visibilidad pública limitada.'),
(130, 'Fernanda', 'Herrera', '1977-11-09', 46, 'F', 2147483647, 9, '', 'Usuario con solicitud de baja pendiente.'),
(131, 'Dylan', 'Cortés', '2017-08-03', 6, 'M', 2147483647, 10, '', 'Cuenta con perfil oculto por decisión propia.'),
(132, 'Abril', 'Peña', '1993-04-16', 31, 'F', 2147483647, 1, '', 'Usuario con acceso compartido aprobado.'),
(133, 'Ian', 'Vega', '1981-01-29', 43, 'M', 2147483647, 4, '', 'Miembro con límite de uso alcanzado.'),
(134, 'Regina', 'Delgado', '1965-10-12', 58, 'F', 2147483647, 10, '', 'Usuario con historial de búsqueda frecuente.'),
(135, 'Axel', 'Cárdenas', '2023-12-25', 0, 'M', 2147483647, 1, '', 'Cuenta con dispositivo móvil no autorizado.'),
(136, 'Jimena', 'Romero', '2000-09-07', 23, 'F', 2147483647, 8, '', 'Usuario con cambios frecuentes de ubicación.'),
(137, 'Leonardo', 'Sandoval', '1988-03-18', 36, 'M', 2147483647, 4, '', 'Perfil con alertas por uso inusual.'),
(138, 'Ana Sofía', 'Fuentes', '1976-07-01', 47, 'F', 2147483647, 6, '', 'Usuario con actividad en horarios no laborales.'),
(139, 'Jerónimo', 'Ospina', '2014-11-14', 9, 'M', 2147483647, 1, '', 'Cuenta con condiciones especiales por convenio.'),
(140, 'María José', 'Rangel', '1991-05-27', 33, 'F', 2147483647, 4, '', 'Usuario con permisos personalizados por rol.'),
(141, 'Bruno', 'Molina', '1968-08-20', 55, 'M', 2147483647, 8, '', 'Miembro con acceso condicional.'),
(142, 'Julieta', 'Parra', '2020-04-11', 4, 'F', 2147483647, 1, '', 'Usuario con geolocalización activa.'),
(143, 'Christian', 'Cifuentes', '1998-10-04', 25, 'M', 2147483647, 1, '', 'Cuenta sin método de pago registrado.'),
(144, 'Danna', 'Beltrán', '1984-04-17', 39, 'F', 2147483647, 4, '', 'Usuario con participación reciente en encuestas.'),
(145, 'Felipe', 'Acosta', '1972-09-30', 51, 'M', 2147483647, 10, '', 'Miembro con saldo activo en la plataforma.'),
(146, 'Saraí', 'Cabrera', '2016-12-13', 7, 'F', 2147483647, 8, '', 'Usuario con historial de invitaciones enviadas.'),
(147, 'Alan', 'Pacheco', '1996-07-26', 28, 'M', 2147483647, 4, '', 'Perfil con autenticación por correo electrónico.'),
(148, 'Marina', 'Santana', '1980-01-08', 44, 'F', 2147483647, 9, '', 'Usuario con historial limpio de seguridad.'),
(149, 'Erick', 'Quiñones', '1964-04-21', 59, 'M', 2147483647, 6, '', 'Cuenta con aceptación de políticas reciente.'),
(150, 'Adrián', 'Arias', '2019-09-03', 6, 'F', 2147483647, 1, '', 'Usuario con cambios frecuentes de ubicación.');

-- --------------------------------------------------------

--
-- Estructura de tabla para la tabla `tveterinario`
--

CREATE TABLE `tveterinario` (
  `id_veterinario` int(11) NOT NULL,
  `nom_veterinario` varchar(20) DEFAULT NULL,
  `apellidos_veterinario` varchar(20) DEFAULT NULL,
  `id_especialidad` int(11) DEFAULT NULL,
  `fecha_naciemiento_veterinario` date DEFAULT NULL,
  `edad_veterinario` int(2) DEFAULT NULL,
  `genero_veterinario` varchar(1) DEFAULT NULL,
  `telefono_veterinario` int(10) DEFAULT NULL,
  `email_veterinario` varchar(30) DEFAULT NULL,
  `foto` blob DEFAULT NULL,
  `direccion_veterinario` varchar(30) DEFAULT NULL
) ENGINE=InnoDB DEFAULT CHARSET=utf8mb4 COLLATE=utf8mb4_general_ci;

--
-- Volcado de datos para la tabla `tveterinario`
--

INSERT INTO `tveterinario` (`id_veterinario`, `nom_veterinario`, `apellidos_veterinario`, `id_especialidad`, `fecha_naciemiento_veterinario`, `edad_veterinario`, `genero_veterinario`, `telefono_veterinario`, `email_veterinario`, `foto`, `direccion_veterinario`) VALUES
(1, 'Juan Carlos', 'Mendez', 73, '1985-04-12', 38, 'M', 2147483647, 'jcmendez@bioparque.com', '', 'Calle 12 #34-56'),
(2, 'Maria Fernanda', 'Lopez', 42, '1982-09-25', 40, 'F', 2147483647, 'mflopez@bioparque.com', '', 'Carrera 8 #45-23'),
(3, 'Carlos Andes', 'Ramirez', 15, '1990-11-30', 32, 'M', 2147483647, 'cramirez@bioparque.com', '', 'Avenida Circunvalar #78-90'),
(4, 'Ana Isabel', 'Gomez', 110, '1978-07-15', 45, 'F', 2147483647, 'aigomez@bioparque.com', '', 'Calle 19 #12-34'),
(5, 'Luis Eduardo', 'Torres', 5, '1992-03-22', 31, 'M', 2147483647, 'letorres@bioparque.com', '', 'Diagonal 23 #56-78'),
(6, 'Sofia Patricia', 'Herrera', 87, '1987-12-05', 35, 'F', 2147483647, 'spherrera@bioparque.com', '', 'Carrera 11 #67-89'),
(7, 'Jorge Enrique', 'Silva', 23, '1980-06-18', 43, 'M', 2147483647, 'jesilva@bioparque.com', '', 'Avenida 30 #10-20'),
(8, 'Diana Carolina', 'Rojas', 56, '1986-10-08', 36, 'F', 2147483647, 'dcrojas@bioparque.com', '', 'Calle 45 #23-12'),
(9, 'Andres Felipe', 'Vargas', 91, '1975-02-14', 48, 'M', 2147483647, 'afvargas@bioparque.com', '', 'Carrera 5 #34-56'),
(10, 'Laura Marcela', 'Diaz', 34, '1991-08-27', 31, 'F', 2147483647, 'lmdiaz@bioparque.com', '', 'Transversal 9 #78-90'),
(11, 'Ricardo Alfonso', 'Perez', 67, '1983-01-19', 40, 'M', 2147483647, 'raperez@bioparque.com', '', 'Calle 8 #45-67'),
(12, 'Claudia Liliana', 'Sanchez', 2, '1984-05-30', 39, 'F', 2147483647, 'clsanchez@bioparque.com', '', 'Carrera 15 #12-34'),
(13, 'Oscar Javier', 'Medina', 98, '1979-09-12', 43, 'M', 2147483647, 'ojmedina@bioparque.com', '', 'Avenida Las Américas #56-78'),
(14, 'Camila Valencia', 'Rojas', 45, '1975-08-12', 48, 'F', 2147483647, 'cvalencia@bioparque.com', '', 'Carrera 8 #23-45'),
(15, 'Javier Andres', 'Morales', 19, '1980-03-25', 43, 'M', 2147483647, 'jmorales@bioparque.com', '', 'Calle 14 #56-78'),
(16, 'Luisa Fernanda', 'Castro', 76, '1982-11-30', 40, 'F', 2147483647, 'lcastro@bioparque.com', '', 'Avenida Circunvalar #12-34'),
(17, 'Carlos Eduardo', 'Gomez', 31, '1978-07-15', 45, 'M', 2147483647, 'cgomez@bioparque.com', '', 'Diagonal 17 #45-67'),
(18, 'Marcela', 'Restrepo', 104, '1985-04-05', 38, 'F', 2147483647, 'mrestrepo@bioparque.com', '', 'Transversal 9 #78-90'),
(19, 'Oscar Ivan', 'Ramirez', 63, '1973-09-18', 50, 'M', 2147483647, 'oramirez@bioparque.com', '', 'Calle 20 #34-56'),
(20, 'Natalia', 'Perez', 8, '1987-12-22', 35, 'F', 2147483647, 'nperez@bioparque.com', '', 'Carrera 11 #67-89'),
(21, 'Felipe', 'Torres', 89, '1981-06-08', 42, 'M', 2147483647, 'ftorres@bioparque.com', '', 'Avenida 30 #10-20'),
(22, 'Ana Maria', 'Herrera', 27, '1979-02-14', 44, 'F', 2147483647, 'aherrera@bioparque.com', '', 'Carrera 5 #23-45'),
(23, 'Ricardo', 'Lopez', 52, '1976-10-28', 46, 'M', 2147483647, 'rlopez@bioparque.com', '', 'Calle 45 #56-78'),
(24, 'Patricia', 'Diaz', 97, '1984-05-03', 39, 'F', 2147483647, 'pdiaz@bioparque.com', '', 'Transversal 15 #12-34'),
(25, 'Andres Felipe', 'Soto', 12, '1983-07-19', 40, 'M', 2147483647, 'asoto@bioparque.com', '', 'Carrera 13 #45-67'),
(26, 'Carolina', 'Jimenes', 71, '1980-12-07', 42, 'F', 2147483647, 'cjimenez@bioparque.com', '', 'Avenida Las Américas #78-90'),
(27, 'Juan Pablo', 'Mejia', 38, '1986-04-21', 37, 'M', 2147483647, 'jmejia@bioparque.com', '', 'Diagonal 23 #34-56'),
(28, 'Sandra Milena', 'Ruiz', 105, '1977-08-30', 46, 'F', 2147483647, 'sruiz@bioparque.com', '', 'Calle 10 #67-89'),
(29, 'Guillermo', 'Rodriguez', 59, '1982-01-15', 41, 'M', 2147483647, 'grodriguez@bioparque.com', '', 'Carrera 7 #89-01'),
(30, 'Daniela', 'Castro', 24, '1989-03-26', 34, 'F', 2147483647, 'dcastro@bioparque.com', '', 'Avenida 25 #12-34'),
(31, 'Alejandro', 'Gutierrez', 83, '1974-06-09', 49, 'M', 2147483647, 'agutierrez@bioparque.com', '', 'Carrera 19 #56-78'),
(32, 'Monica', 'Londoño', 46, '1981-09-12', 42, 'F', 2147483647, 'mlondono@bioparque.com', '', 'Transversal 11 #23-45'),
(33, 'Esteban', 'Villa', 11, '1978-11-24', 45, 'M', 2147483647, 'evilla@bioparque.com', '', 'Calle 30 #45-67'),
(34, 'Laura', 'Sanchez', 78, '1985-02-17', 38, 'F', 2147483647, 'lsanchez@bioparque.com', '', 'Carrera 10 #34-56'),
(35, 'Gabriel', 'Ortiz', 33, '1983-04-28', 40, 'M', 2147483647, 'gortiz@bioparque.com', '', 'Avenida Circunvalar #45-67'),
(36, 'Claudia', 'Ramirez', 106, '1987-07-31', 36, 'F', 2147483647, 'cramirez@bioparque.com', '', 'Calle 18 #67-89, Pereira'),
(37, 'Felipe', 'Castro', 69, '1980-10-05', 43, 'M', 2147483647, 'fcastro@bioparque.com', '', 'Diagonal 21 #78-90'),
(38, 'Adriana', 'Lopez', 14, '1989-01-18', 34, 'F', 2147483647, 'alopez@bioparque.com', '', 'Transversal 13 #12-34'),
(39, 'Santigo', 'Gomez', 93, '1984-05-22', 39, 'M', 2147483647, 'sgomez@bioparque.com', '', 'Carrera 14 #56-78'),
(40, 'Valentina', 'Herrera', 50, '1982-08-15', 41, 'F', 2147483647, 'vherrera@bioparque.com', '', 'Avenida 30 #23-45'),
(41, 'Ricardo', 'Morales', 7, '1979-12-28', 44, 'M', 2147483647, 'rmorales@bioparque.com', '', 'Calle 25 #67-89'),
(42, 'Diana', 'Pardo', 82, '1986-03-11', 37, 'F', 2147483647, 'dpardo@bioparque.com', '', 'Carrera 9 #89-01'),
(43, 'Juan David', 'Soto', 29, '1981-06-24', 42, 'M', 2147483647, 'jsoto@bioparque.com', '', 'Transversal 17 #34-56'),
(44, 'Marcela', 'Ruiz', 64, '1983-09-07', 40, 'F', 2147483647, 'mruiz@bioparque.com', '', 'Avenida Las Américas #56-78'),
(45, 'Carlos Andres', 'Diaz', 101, '1977-11-20', 46, 'M', 2147483647, 'cdiaz@bioparque.com', '', 'Diagonal 19 #12-34'),
(46, 'Paola Andrea', 'Muñoz', 20, '1988-02-03', 35, 'F', 2147483647, 'pmunoz@bioparque.com', '', 'Calle 22 #45-67'),
(47, 'Jorge Ivan', 'Rios', 75, '1980-04-16', 43, 'M', 2147483647, 'jrios@bioparque.com', '', 'Carrera 12 #78-90'),
(48, 'Ana Cristina', 'Vargas', 40, '1985-07-29', 38, 'F', 2147483647, 'avargas@bioparque.com', '', 'Transversal 15 #23-45'),
(49, 'Eduardo', 'Salazar', 109, '1982-10-12', 41, 'M', 2147483647, 'esalazar@bioparque.com', '', 'Avenida 35 #34-56'),
(50, 'Luisa Maria', 'Giraldo', 55, '1979-01-25', 44, 'F', 2147483647, 'lgiraldo@bioparque.com', '', 'Calle 28 #56-78'),
(51, 'Camilo Restrepo', 'Restrepo', 18, '1984-05-08', 39, 'M', 2147483647, 'crestrepo@bioparque.com', '', 'Carrera 16 #89-01'),
(52, 'Juliana', 'Torres', 85, '1987-08-21', 36, 'F', 2147483647, 'jtorres@bioparque.com', '', 'Diagonal 25 #12-34'),
(53, 'Oscar Eduardo', 'Mesa', 36, '1981-12-04', 42, 'M', 2147483647, 'omesa@bioparque.com', '', 'Transversal 19 #45-67'),
(54, 'Daniel Felipe', 'Giraldo', 61, '1992-05-19', 31, 'F', 2147483647, 'dgiraldo@bioparque.com', '', 'Calle 33 #12-34'),
(55, 'Laura Sofia', 'Mesa', 4, '1991-08-22', 32, 'M', 2147483647, 'lmesa@bioparque.com', '', 'Carrera 21 #45-67'),
(56, 'Santiago', 'Gomez', 95, '1990-11-05', 33, 'F', 2147483647, 'sgomez@bioparque.com', '', 'Av. 40 #56-78'),
(57, 'Juan', ' Pérez', 26, '1990-02-14', 35, 'M', 2147483647, 'juan.perez@bioparque.com  ', '', 'Cra 9 #23-45  '),
(58, 'María', 'Rodríguez', 49, '1987-08-22', 37, 'F', 2147483647, 'maria.rodriguez@bioparque.com ', '', 'Calle 17 #15-32  '),
(59, 'Carlos', 'Martínez', 70, '1995-11-05', 29, 'M', 2147483647, 'carlos.martinez@bioparque.com ', '', 'Av. 30 de Agosto #42-18  '),
(60, 'Laura ', 'Gómez', 17, '1992-03-30', 33, 'F', 2147483647, 'laura.gomez@bioparque.com  ', '', 'Cra 7 #12-34  '),
(61, 'Andrés', 'Torres', 88, '1989-06-19', 35, 'M', 2147483647, 'andres.torres@bioparque.com  ', '', 'Calle 25 #8-50  '),
(62, 'Catalina', 'Ramírez', 53, '1994-07-03', 30, 'F', 2147483647, 'catalina.ramirez@bioparque.com', '', 'Cra 11 #45-67  '),
(63, 'Santiago', 'Herrera', 32, '1990-12-11', 34, 'M', 2147483647, 'santiago.herrera@bioparque.com', '', 'Cra 4 #21-19  '),
(64, 'Valentina', 'Morales', 107, '1996-09-28', 28, 'F', 2147483647, 'valentina.morales@bioparque.co', '', 'Calle 36 #14-08  '),
(65, 'Daniel', 'Jiménez', 58, '1988-04-07', 37, 'M', 2147483647, 'daniel.jimenez@bioparque.com  ', '', 'Cra 12 #33-76  '),
(66, 'Camila', 'Castro', 21, '1993-10-16', 31, 'F', 2147483647, 'camila.castro@bioparque.com  ', '', 'Cra 16 #48-21  '),
(67, 'Felipe', 'Ríos', 80, '1991-05-23', 33, 'M', 2147483647, 'felipe.rios@bioparque.com  ', '', 'Av. Sur #24-15  '),
(68, 'Isabella', 'Pineda', 43, '1997-01-09', 28, 'F', 2147483647, 'isabella.pineda@bioparque.com ', '', 'Calle 28 #6-54  '),
(69, 'Alejandro', 'Vargas', 6, '1990-06-01', 34, 'M', 2147483647, 'alejandro.vargas@bioparque.com', '', 'Cra 15 #27-89  '),
(70, 'Sara', 'Mendoza', 99, '1986-11-12', 38, 'F', 2147483647, 'sara.mendoza@bioparque.com  ', '', 'Calle 44 #17-25  '),
(71, 'Julián', 'Romero', 28, '1992-08-27', 32, 'M', 2147483647, 'julian.romero@bioparque.com  ', '', 'Cra 10 #18-43  '),
(72, 'Paula', 'Ortega', 65, '1995-03-04', 30, 'F', 2147483647, 'paula.ortega@bioparque.com  ', '', 'Cra 6 #32-10  '),
(73, 'Mateo', 'Navarro', 102, '1989-12-15', 35, 'M', 2147483647, 'mateo.navarro@bioparque.com  ', '', 'Calle 19 #11-36  '),
(74, 'Daniela', 'Salazar', 37, '1993-07-06', 31, 'F', 2147483647, 'daniela.salazar@bioparque.com ', '', 'Cra 18 #50-66  '),
(75, 'Sebastián', 'Arias', 72, '1991-02-18', 34, 'M', 2147483647, 'sebastian.arias@bioparque.com ', '', 'Calle 33 #12-14  '),
(76, 'Mariana', 'Cárdenas', 9, '1994-10-31', 30, 'F', 2147483647, 'mariana.cardenas@bioparque.com', '', 'Cra 13 #38-09  '),
(77, 'Tomás', 'Medina', 94, '1990-09-21', 34, 'M', 2147483647, 'tomas.medina@bioparque.com  ', '', 'Cra 5 #25-91  '),
(78, 'Gabriela', 'Figueroa', 51, '1992-06-08', 32, 'F', 2147483647, 'gabriela.figueroa@bioparque.co', '', 'Calle 23 #7-67  '),
(79, 'Nicolás', 'Acosta', 16, '1988-03-02', 37, 'M', 2147483647, 'nicolas.acosta@bioparque.com  ', '', 'Cra 9 #46-23  '),
(80, 'Luisa', 'Peña', 81, '1996-07-26', 28, 'F', 2147483647, 'luisa.pena@bioparque.com  ', '', 'Calle 30 #10-30  '),
(81, 'Esteban', 'Rubio', 44, '1993-05-13', 31, 'M', 2147483647, 'esteban.rubio@bioparque.com  ', '', 'Cra 14 #17-89  '),
(82, 'Juliana', 'Lozano', 3, '1990-11-20', 34, 'F', 2147483647, 'juliana.lozano@bioparque.com  ', '', 'Calle 12 #15-34  '),
(83, 'Emilio', 'Parra', 108, '1996-04-10', 29, 'M', 2147483647, 'emilio.parra@bioparque.com  ', '', 'Cra 20 #42-28  '),
(84, 'Mónica', 'Barrera', 57, '1992-01-05', 33, 'F', 2147483647, 'monica.barrera@bioparque.com  ', '', 'Calle 35 #8-45  '),
(85, 'Iván', 'Castaño', 22, '1994-08-24', 30, 'M', 2147483647, 'ivan.castano@bioparque.com  ', '', 'Cra 3 #21-55  '),
(86, 'Natalia', 'Bonilla', 77, '1989-10-17', 35, 'F', 2147483647, 'natalia.bonilla@bioparque.com ', '', 'Cra 8 #14-67  '),
(87, 'Jorge', 'Londoño', 48, '1995-06-29', 29, 'M', 2147483647, 'jorge.londono@bioparque.com  ', '', 'Calle 16 #9-81  '),
(88, 'Diana', 'Rincón', 13, '1991-02-07', 34, 'F', 2147483647, 'diana.rincon@bioparque.com  ', '', 'Cra 11 #29-14  '),
(89, 'Cristian', 'Solano', 92, '1987-09-14', 37, 'M', 2147483647, 'cristian.solano@bioparque.com ', '', 'Calle 24 #6-20  '),
(90, 'Melisa', 'Aguirre', 35, '1993-11-03', 31, 'F', 2147483647, 'melisa.aguirre@bioparque.com  ', '', 'Cra 17 #48-33  '),
(91, 'Álvaro', 'Montoya', 68, '1990-03-22', 35, 'M', 2147483647, 'alvaro.montoya@bioparque.com  ', '', 'Calle 26 #12-03  '),
(92, 'Viviana', 'Suárez', 1, '1994-12-11', 30, 'F', 2147483647, 'viviana.suarez@bioparque.com  ', '', 'Cra 6 #44-58  '),
(93, 'Kevin', 'Rojas', 100, '1988-08-06', 36, 'M', 2147483647, 'kevin.rojas@bioparque.com  ', '', 'Calle 18 #7-46  '),
(94, 'Stephanie', 'Quintero', 41, '1996-10-19', 28, 'F', 2147483647, 'stephanie.quintero@bioparque.c', '', 'Cra 19 #37-65  '),
(95, 'Brayan', 'Murcia', 66, '1991-07-27', 33, 'M', 2147483647, 'brayan.murcia@bioparque.com  ', '', 'Calle 21 #11-12  '),
(96, 'Angie', 'Villalba', 25, '1993-02-01', 32, 'F', 2147483647, 'angie.villalba@bioparque.com  ', '', 'Cra 12 #31-89  '),
(97, 'Leonardo', 'Gallego', 90, '1990-05-09', 34, 'M', 2147483647, 'leonardo.gallego@bioparque.com', '', 'Calle 32 #10-21  '),
(98, 'Karol', 'Amaya', 47, '1989-06-15', 35, 'F', 2147483647, 'karol.amaya@bioparque.com  ', '', 'Cra 7 #28-88  '),
(99, 'Mauricio', 'Bustos', 10, '1995-04-04', 30, 'M', 2147483647, 'mauricio.bustos@bioparque.com ', '', 'Calle 14 #9-45  '),
(100, 'Dayana', 'Chaparro', 79, '1992-08-13', 32, 'F', 2147483647, 'dayana.chaparro@bioparque.com ', '', 'Cra 10 #39-20  '),
(101, 'Ricardo', 'Beltrán', 54, '1987-12-28', 37, 'M', 2147483647, 'ricardo.beltran@bioparque.com ', '', 'Calle 40 #8-30  '),
(102, 'Daniela', 'Cuellar', 103, '1994-03-17', 31, 'F', 2147483647, 'daniela.cuellar@bioparque.com ', '', 'Cra 14 #35-47  '),
(103, 'Camilo', 'Ovalle', 30, '1991-10-23', 33, 'M', 2147483647, 'camilo.ovalle@bioparque.com  ', '', 'Calle 11 #13-91  '),
(104, 'Valery', 'Rico', 74, '1996-01-12', 29, 'F', 2147483647, 'valery.rico@bioparque.com  ', '', 'Cra 16 #42-13  '),
(105, 'Andrés', 'Lemus', 39, '1993-06-30', 31, 'M', 2147483647, 'andres.lemus@bioparque.com  ', '', 'Calle 20 #15-70  '),
(106, 'Lorena', 'Caicedo', 96, '1990-09-08', 34, 'F', 2147483647, 'lorena.caicedo@bioparque.com  ', '', 'Cra 8 #33-99  '),
(107, 'Elkin', 'Padilla', 60, '1992-11-25', 32, 'M', 2147483647, 'elkin.padilla@bioparque.com  ', '', 'Calle 13 #16-32  '),
(108, 'Juliana', 'Caicedo', 43, '2005-03-01', 20, 'F', 2147483647, 'juliana.caicedo@bioparque.com', '', 'Cra 5 #22-40  '),
(109, 'Luis', 'Angel', 65, '2005-01-06', 20, 'M', 2147483647, 'luis.angel@bioparque.com', '', 'Calle 22 #18-17  '),
(110, 'Johana', 'Rincon', 2, '1985-08-12', 39, 'F', 2147483647, 'johana.rincon@bioparque.com', '', 'Cra 9 #27-18  '),
(111, 'Efraín', 'Herrera', 58, '1983-04-28', 40, 'M', 2147483647, 'efrain.herrera@bioparque.com', '', 'Calle 44 #17-25  '),
(112, 'Yolanda', 'Silva', 21, '1987-07-31', 36, 'F', 2147483647, 'yolain.silva@bioparque.cof', '', 'Cra 10 #18-43  '),
(113, 'Renato', 'Rojas', 80, '1980-10-05', 43, 'M', 2147483647, 'renain.rojas@bioparque.com', '', 'Cra 6 #32-10  '),
(114, 'Giselle', 'Vargas', 43, '1989-01-18', 34, 'F', 2147483647, 'gisein.vargas@bioparque.cof', '', 'Calle 19 #11-36  '),
(115, 'Héctor', 'Diaz', 6, '1984-05-22', 39, 'M', 2147483647, 'héctin.diaz@bioparque.com', '', 'Cra 18 #50-66  '),
(116, 'Brigitte', 'Perez', 99, '1982-08-15', 41, 'F', 2147483647, 'brigin.perez@bioparque.cof', '', 'Calle 33 #12-14  '),
(117, 'Rolando', 'Sanchez', 28, '1979-12-28', 44, 'M', 2147483647, 'rolain.sanchez@bioparque.com', '', 'Cra 13 #38-09  '),
(118, 'Esmeralda', 'Medina', 65, '1986-03-11', 37, 'F', 2147483647, 'esmein.medina@bioparque.cof', '', 'Cra 5 #25-91  '),
(119, 'Gustavo', 'Rojas', 102, '1981-06-24', 42, 'M', 2147483647, 'gustin.rojas@bioparque.com', '', 'Calle 23 #7-67  '),
(120, 'Antonella', 'Morales', 37, '1983-09-07', 40, 'F', 2147483647, 'antoin.morales@bioparque.cof', '', 'Cra 9 #46-23  '),
(121, 'Vicente', 'Castro', 72, '1977-11-20', 46, 'M', 2147483647, 'vicein.castro@bioparque.com', '', 'Calle 30 #10-30  '),
(122, 'Florencia', 'Gomez', 9, '1988-02-03', 35, 'F', 2147483647, 'florin.gomez@bioparque.cof', '', 'Cra 14 #17-89  '),
(123, 'Damián', 'Restrepo', 94, '1980-04-16', 43, 'M', 2147483647, 'damiin.restrepo@bioparque.com', '', 'Calle 12 #15-34  '),
(124, 'Rosalba', 'Ramirez', 51, '1985-07-29', 38, 'F', 2147483647, 'rosain.ramirez@bioparque.cof', '', 'Cra 20 #42-28  '),
(125, 'Fausto', 'Perez', 16, '1982-10-12', 41, 'M', 2147483647, 'fausin.perez@bioparque.com', '', 'Calle 35 #8-45  '),
(126, 'Anabel', 'Torres', 81, '1979-01-25', 44, 'F', 2147483647, 'anabin.torres@bioparque.cof', '', 'Cra 3 #21-55  '),
(127, 'Gregorio', 'Herrera', 44, '1984-05-08', 39, 'M', 2147483647, 'gregin.herrera@bioparque.com', '', 'Cra 8 #14-67  '),
(128, 'Mariluz', 'Lopez', 3, '1987-08-21', 36, 'F', 2147483647, 'mariin.lopez@bioparque.cof', '', 'Calle 16 #9-81  '),
(129, 'Bernardo', 'Diaz', 108, '1981-12-04', 42, 'M', 2147483647, 'bernin.diaz@bioparque.com', '', 'Cra 11 #29-14  '),
(130, 'Jacinta', 'Soto', 57, '1992-05-19', 31, 'F', 2147483647, 'jaciin.soto@bioparque.cof', '', 'Calle 24 #6-20  '),
(131, 'Heriberto', 'Jimenes', 22, '1991-08-22', 32, 'M', 2147483647, 'heriin.jimenes@bioparque.com', '', 'Cra 17 #48-33  '),
(132, 'Ligia', 'Mejia', 77, '1990-11-05', 33, 'F', 2147483647, 'ligiin.mejia@bioparque.cof', '', 'Calle 26 #12-03  '),
(133, 'Teodoro', 'Ruiz', 48, '1990-02-14', 35, 'M', 2147483647, 'teodin.ruiz@bioparque.com', '', 'Cra 6 #44-58  '),
(134, 'Nubia', 'Rodriguez', 13, '1987-08-22', 37, 'F', 2147483647, 'nubiin.rodriguez@bioparque.cof', '', 'Calle 18 #7-46  '),
(135, 'Alipio', 'Castro', 92, '1995-11-05', 29, 'M', 2147483647, 'alipin.castro@bioparque.com', '', 'Cra 19 #37-65  '),
(136, 'Yamile', 'Gutierrez', 35, '1992-03-30', 33, 'F', 2147483647, 'yamiin.gutierrez@bioparque.cof', '', 'Calle 21 #11-12  '),
(137, 'Eusebio', 'Londoño', 68, '1989-06-19', 35, 'M', 2147483647, 'eusein.londoño@bioparque.com', '', 'Cra 12 #31-89  '),
(138, 'Oriana', 'Villa', 1, '1994-07-03', 30, 'F', 2147483647, 'oriain.villa@bioparque.cof', '', 'Calle 32 #10-21  '),
(139, 'Aníbal', 'Sanchez', 100, '1990-12-11', 34, 'M', 2147483647, 'aníbin.sanchez@bioparque.com', '', 'Cra 7 #28-88  '),
(140, 'Zoraida', 'Ortiz', 41, '1996-09-28', 28, 'F', 2147483647, 'zorain.ortiz@bioparque.cof', '', 'Calle 14 #9-45  '),
(141, 'Rigoberto', 'Ramirez', 66, '1988-04-07', 37, 'M', 2147483647, 'rigoin.ramirez@bioparque.com', '', 'Cra 10 #39-20  '),
(142, 'Elvia', 'Castro', 25, '1993-10-16', 31, 'F', 2147483647, 'elviin.castro@bioparque.cof', '', 'Calle 40 #8-30  '),
(143, 'Eleuterio', 'Lopez', 90, '1991-05-23', 33, 'M', 2147483647, 'eleuin.lopez@bioparque.com', '', 'Cra 14 #35-47  '),
(144, 'Nohemí', 'Gomez', 47, '1997-01-09', 28, 'F', 2147483647, 'nohein.gomez@bioparque.cof', '', 'Calle 11 #13-91  '),
(145, 'Crisólogo', 'Herrera', 10, '1990-06-01', 34, 'M', 2147483647, 'crisin.herrera@bioparque.com', '', 'Cra 16 #42-13  '),
(146, 'Edelmira', 'Morales', 79, '1986-11-12', 38, 'F', 2147483647, 'edelin.morales@bioparque.cof', '', 'Calle 20 #15-70  '),
(147, 'Arcadio', 'Pardo', 54, '1992-08-27', 32, 'M', 2147483647, 'arcain.pardo@bioparque.com', '', 'Cra 8 #33-99  '),
(148, 'Belkis', 'Soto', 103, '1995-03-04', 30, 'F', 2147483647, 'belkin.soto@bioparque.cof', '', 'Calle 13 #16-32  '),
(149, 'Poncio', 'Ruiz', 30, '1989-12-15', 35, 'M', 2147483647, 'poncin.ruiz@bioparque.com', '', 'Cra 5 #22-40  '),
(150, 'Doraliza', 'Diaz', 74, '1993-07-06', 31, 'F', 2147483647, 'dorain.diaz@bioparque.cof', '', 'Calle 22 #18-17  ');

--
-- Índices para tablas volcadas
--

--
-- Indices de la tabla `talimento`
--
ALTER TABLE `talimento`
  ADD PRIMARY KEY (`id_alimento`);

--
-- Indices de la tabla `tanimal`
--
ALTER TABLE `tanimal`
  ADD PRIMARY KEY (`id_animal`),
  ADD KEY `id_especie` (`id_especie`),
  ADD KEY `id_raza` (`id_raza`),
  ADD KEY `id_pais_origen` (`id_pais_origen`),
  ADD KEY `id_habitat` (`id_habitat`),
  ADD KEY `id_alimento` (`id_alimento`),
  ADD KEY `id_dieta` (`id_dieta`);

--
-- Indices de la tabla `tbitacora`
--
ALTER TABLE `tbitacora`
  ADD PRIMARY KEY (`id_bitacora`),
  ADD KEY `id_usuario` (`id_usuario`);

--
-- Indices de la tabla `tcuidador`
--
ALTER TABLE `tcuidador`
  ADD PRIMARY KEY (`id_cuidador`);

--
-- Indices de la tabla `tdetallehistoriaclinica`
--
ALTER TABLE `tdetallehistoriaclinica`
  ADD PRIMARY KEY (`id_detalle_historia`),
  ADD KEY `id_historia_clinica` (`id_historia_clinica`);

--
-- Indices de la tabla `tdiagnostico`
--
ALTER TABLE `tdiagnostico`
  ADD PRIMARY KEY (`id_diagnostico`),
  ADD KEY `id_enfermedad` (`id_enfermedad`);

--
-- Indices de la tabla `tdieta`
--
ALTER TABLE `tdieta`
  ADD PRIMARY KEY (`id_dieta`);

--
-- Indices de la tabla `tenfermedad`
--
ALTER TABLE `tenfermedad`
  ADD PRIMARY KEY (`id_enfermedad`);

--
-- Indices de la tabla `tespecialidadveterinaria`
--
ALTER TABLE `tespecialidadveterinaria`
  ADD PRIMARY KEY (`id_especialidad`);

--
-- Indices de la tabla `tespecie`
--
ALTER TABLE `tespecie`
  ADD PRIMARY KEY (`id_especie`);

--
-- Indices de la tabla `thabitat`
--
ALTER TABLE `thabitat`
  ADD PRIMARY KEY (`id_habitat`);

--
-- Indices de la tabla `thistoriaclinica`
--
ALTER TABLE `thistoriaclinica`
  ADD PRIMARY KEY (`id_historia_clinica`),
  ADD KEY `id_animal` (`id_animal`),
  ADD KEY `id_veterinario` (`id_veterinario`),
  ADD KEY `id_cuidador` (`id_cuidador`);

--
-- Indices de la tabla `tmedicamento`
--
ALTER TABLE `tmedicamento`
  ADD PRIMARY KEY (`id_medicamento`),
  ADD KEY `id_tratamiento` (`id_tratamiento`);

--
-- Indices de la tabla `tpaisdeorigen`
--
ALTER TABLE `tpaisdeorigen`
  ADD PRIMARY KEY (`id_pais_origen`);

--
-- Indices de la tabla `traza`
--
ALTER TABLE `traza`
  ADD PRIMARY KEY (`id_raza`);

--
-- Indices de la tabla `trol`
--
ALTER TABLE `trol`
  ADD PRIMARY KEY (`id_rol`);

--
-- Indices de la tabla `ttratamiento`
--
ALTER TABLE `ttratamiento`
  ADD PRIMARY KEY (`id_tratamiento`),
  ADD KEY `id_animal` (`id_animal`);

--
-- Indices de la tabla `tusuario`
--
ALTER TABLE `tusuario`
  ADD PRIMARY KEY (`id_usuario`),
  ADD KEY `id_rol` (`id_rol`);

--
-- Indices de la tabla `tveterinario`
--
ALTER TABLE `tveterinario`
  ADD PRIMARY KEY (`id_veterinario`),
  ADD KEY `id_especialidad` (`id_especialidad`);

--
-- AUTO_INCREMENT de las tablas volcadas
--

--
-- AUTO_INCREMENT de la tabla `talimento`
--
ALTER TABLE `talimento`
  MODIFY `id_alimento` int(11) NOT NULL AUTO_INCREMENT, AUTO_INCREMENT=151;

--
-- AUTO_INCREMENT de la tabla `tanimal`
--
ALTER TABLE `tanimal`
  MODIFY `id_animal` int(11) NOT NULL AUTO_INCREMENT, AUTO_INCREMENT=151;

--
-- AUTO_INCREMENT de la tabla `tbitacora`
--
ALTER TABLE `tbitacora`
  MODIFY `id_bitacora` int(11) NOT NULL AUTO_INCREMENT, AUTO_INCREMENT=151;

--
-- AUTO_INCREMENT de la tabla `tcuidador`
--
ALTER TABLE `tcuidador`
  MODIFY `id_cuidador` int(11) NOT NULL AUTO_INCREMENT, AUTO_INCREMENT=151;

--
-- AUTO_INCREMENT de la tabla `tdetallehistoriaclinica`
--
ALTER TABLE `tdetallehistoriaclinica`
  MODIFY `id_detalle_historia` int(11) NOT NULL AUTO_INCREMENT, AUTO_INCREMENT=151;

--
-- AUTO_INCREMENT de la tabla `tdiagnostico`
--
ALTER TABLE `tdiagnostico`
  MODIFY `id_diagnostico` int(11) NOT NULL AUTO_INCREMENT, AUTO_INCREMENT=151;

--
-- AUTO_INCREMENT de la tabla `tdieta`
--
ALTER TABLE `tdieta`
  MODIFY `id_dieta` int(11) NOT NULL AUTO_INCREMENT, AUTO_INCREMENT=151;

--
-- AUTO_INCREMENT de la tabla `tenfermedad`
--
ALTER TABLE `tenfermedad`
  MODIFY `id_enfermedad` int(11) NOT NULL AUTO_INCREMENT, AUTO_INCREMENT=151;

--
-- AUTO_INCREMENT de la tabla `tespecialidadveterinaria`
--
ALTER TABLE `tespecialidadveterinaria`
  MODIFY `id_especialidad` int(11) NOT NULL AUTO_INCREMENT, AUTO_INCREMENT=151;

--
-- AUTO_INCREMENT de la tabla `tespecie`
--
ALTER TABLE `tespecie`
  MODIFY `id_especie` int(11) NOT NULL AUTO_INCREMENT, AUTO_INCREMENT=151;

--
-- AUTO_INCREMENT de la tabla `thabitat`
--
ALTER TABLE `thabitat`
  MODIFY `id_habitat` int(11) NOT NULL AUTO_INCREMENT, AUTO_INCREMENT=4;

--
-- AUTO_INCREMENT de la tabla `thistoriaclinica`
--
ALTER TABLE `thistoriaclinica`
  MODIFY `id_historia_clinica` int(11) NOT NULL AUTO_INCREMENT, AUTO_INCREMENT=151;

--
-- AUTO_INCREMENT de la tabla `tmedicamento`
--
ALTER TABLE `tmedicamento`
  MODIFY `id_medicamento` int(11) NOT NULL AUTO_INCREMENT, AUTO_INCREMENT=151;

--
-- AUTO_INCREMENT de la tabla `tpaisdeorigen`
--
ALTER TABLE `tpaisdeorigen`
  MODIFY `id_pais_origen` int(11) NOT NULL AUTO_INCREMENT, AUTO_INCREMENT=195;

--
-- AUTO_INCREMENT de la tabla `traza`
--
ALTER TABLE `traza`
  MODIFY `id_raza` int(11) NOT NULL AUTO_INCREMENT, AUTO_INCREMENT=151;

--
-- AUTO_INCREMENT de la tabla `trol`
--
ALTER TABLE `trol`
  MODIFY `id_rol` int(11) NOT NULL AUTO_INCREMENT, AUTO_INCREMENT=11;

--
-- AUTO_INCREMENT de la tabla `ttratamiento`
--
ALTER TABLE `ttratamiento`
  MODIFY `id_tratamiento` int(11) NOT NULL AUTO_INCREMENT, AUTO_INCREMENT=151;

--
-- AUTO_INCREMENT de la tabla `tusuario`
--
ALTER TABLE `tusuario`
  MODIFY `id_usuario` int(11) NOT NULL AUTO_INCREMENT, AUTO_INCREMENT=151;

--
-- AUTO_INCREMENT de la tabla `tveterinario`
--
ALTER TABLE `tveterinario`
  MODIFY `id_veterinario` int(11) NOT NULL AUTO_INCREMENT, AUTO_INCREMENT=151;

--
-- Restricciones para tablas volcadas
--

--
-- Filtros para la tabla `tanimal`
--
ALTER TABLE `tanimal`
  ADD CONSTRAINT `tanimal_ibfk_1` FOREIGN KEY (`id_especie`) REFERENCES `tespecie` (`id_especie`) ON UPDATE CASCADE,
  ADD CONSTRAINT `tanimal_ibfk_2` FOREIGN KEY (`id_raza`) REFERENCES `traza` (`id_raza`) ON UPDATE CASCADE,
  ADD CONSTRAINT `tanimal_ibfk_3` FOREIGN KEY (`id_pais_origen`) REFERENCES `tpaisdeorigen` (`id_pais_origen`) ON UPDATE CASCADE,
  ADD CONSTRAINT `tanimal_ibfk_4` FOREIGN KEY (`id_habitat`) REFERENCES `thabitat` (`id_habitat`) ON UPDATE CASCADE,
  ADD CONSTRAINT `tanimal_ibfk_5` FOREIGN KEY (`id_alimento`) REFERENCES `talimento` (`id_alimento`) ON UPDATE CASCADE,
  ADD CONSTRAINT `tanimal_ibfk_6` FOREIGN KEY (`id_dieta`) REFERENCES `tdieta` (`id_dieta`) ON UPDATE CASCADE;

--
-- Filtros para la tabla `tbitacora`
--
ALTER TABLE `tbitacora`
  ADD CONSTRAINT `tbitacora_ibfk_1` FOREIGN KEY (`id_usuario`) REFERENCES `tusuario` (`id_usuario`) ON UPDATE CASCADE;

--
-- Filtros para la tabla `tdetallehistoriaclinica`
--
ALTER TABLE `tdetallehistoriaclinica`
  ADD CONSTRAINT `tdetallehistoriaclinica_ibfk_1` FOREIGN KEY (`id_historia_clinica`) REFERENCES `thistoriaclinica` (`id_historia_clinica`) ON DELETE CASCADE ON UPDATE CASCADE;

--
-- Filtros para la tabla `tdiagnostico`
--
ALTER TABLE `tdiagnostico`
  ADD CONSTRAINT `tdiagnostico_ibfk_1` FOREIGN KEY (`id_enfermedad`) REFERENCES `tenfermedad` (`id_enfermedad`) ON UPDATE CASCADE;

--
-- Filtros para la tabla `thistoriaclinica`
--
ALTER TABLE `thistoriaclinica`
  ADD CONSTRAINT `thistoriaclinica_ibfk_1` FOREIGN KEY (`id_animal`) REFERENCES `tanimal` (`id_animal`) ON UPDATE CASCADE,
  ADD CONSTRAINT `thistoriaclinica_ibfk_2` FOREIGN KEY (`id_veterinario`) REFERENCES `tveterinario` (`id_veterinario`) ON UPDATE CASCADE,
  ADD CONSTRAINT `thistoriaclinica_ibfk_3` FOREIGN KEY (`id_cuidador`) REFERENCES `tcuidador` (`id_cuidador`) ON UPDATE CASCADE;

--
-- Filtros para la tabla `tmedicamento`
--
ALTER TABLE `tmedicamento`
  ADD CONSTRAINT `tmedicamento_ibfk_1` FOREIGN KEY (`id_tratamiento`) REFERENCES `ttratamiento` (`id_tratamiento`) ON UPDATE CASCADE;

--
-- Filtros para la tabla `ttratamiento`
--
ALTER TABLE `ttratamiento`
  ADD CONSTRAINT `ttratamiento_ibfk_1` FOREIGN KEY (`id_animal`) REFERENCES `tanimal` (`id_animal`) ON DELETE CASCADE ON UPDATE CASCADE;

--
-- Filtros para la tabla `tusuario`
--
ALTER TABLE `tusuario`
  ADD CONSTRAINT `tusuario_ibfk_1` FOREIGN KEY (`id_rol`) REFERENCES `trol` (`id_rol`) ON UPDATE CASCADE;

--
-- Filtros para la tabla `tveterinario`
--
ALTER TABLE `tveterinario`
  ADD CONSTRAINT `tveterinario_ibfk_1` FOREIGN KEY (`id_especialidad`) REFERENCES `tespecialidadveterinaria` (`id_especialidad`) ON UPDATE CASCADE;
COMMIT;

/*!40101 SET CHARACTER_SET_CLIENT=@OLD_CHARACTER_SET_CLIENT */;
/*!40101 SET CHARACTER_SET_RESULTS=@OLD_CHARACTER_SET_RESULTS */;
/*!40101 SET COLLATION_CONNECTION=@OLD_COLLATION_CONNECTION */;
